Query,Doc_ID,similar_beir_query,similarity_score
Herbalife® has been updated.,MED-4872 MED-4873 MED-4874 MED-3985 MED-3986 MED-3987 MED-3988 MED-3989 MED-3990 MED-3991,Update on Herbalife®,0.9060497
Can eating Fruit & Nut Bars lead to an increase in weight?,MED-3896 MED-3897 MED-3906 MED-3908 MED-3900 MED-4289 MED-3910 MED-4715 MED-3893 MED-3894,Do Fruit & Nut Bars Cause Weight Gain?,0.96162206
What can I do with chickpeas?,MED-2988 MED-2577 MED-2578 MED-2572 MED-2581 MED-2582 MED-2584 MED-2824 MED-2815 MED-2794,chickpeas,0.7098258
Are chronic headaches caused by pork parasites?,MED-3178 MED-3169 MED-3172 MED-3181 MED-3174 MED-3175 MED-3176 MED-3182 MED-3170 MED-3171,Chronic Headaches and Pork Parasites,0.93909824
is a professor at Harvard University and also serves as the Chair of the Department of Nutrition at the Harvard T.H. Chan School of Public Health and Professor of Medicine at Harvard Medical School.,MED-2219 MED-2220 MED-2221 MED-754 MED-3087 MED-4653 MED-4654 MED-4655 MED-4656 MED-4701,Academy of Nutrition and Dietetics,0.73897374
Combating common diseases goes beyond consuming an apple daily.,MED-5322 MED-5323 MED-5324 MED-5325 MED-5326 MED-5327 MED-5328 MED-5329 MED-5330 MED-5331,More Than an Apple a Day: Combating Common Diseases,0.9167703
What is the healthiest beverage to drink on an airplane?,MED-1836 MED-1837 MED-1838 MED-1839 MED-1840 MED-1841 MED-1842 MED-1843 MED-1844 MED-1845,Healthiest Airplane Beverage,0.9144778
What is veal?,MED-4594 MED-4593 MED-4200 MED-4201 MED-4202 MED-3314 MED-3306 MED-3307 MED-3316 MED-3311,veal,0.8483989
The mystery of the Apthous Ulcer has been solved.,MED-4841 MED-1223 MED-1224 MED-5239 MED-1226 MED-1227 MED-2126 MED-1229 MED-1230 MED-2053,Apthous Ulcer Mystery Solved,0.88982123
The American Dental Association is an organization.,MED-3618 MED-3621 MED-3617 MED-3619 MED-3620 MED-3622 MED-2568 MED-2988 MED-2559 MED-4319,American Dental Association,0.91007656
Evidence-based medicine is the practice of using evidence to inform medical decisions.,MED-1496 MED-1497 MED-1498 MED-1499 MED-1500 MED-1501 MED-1502 MED-1503 MED-1504 MED-1505,Evidence-based medicine,0.80251646
Are ultra-processed foods inherently unhealthy?,MED-1650 MED-1651 MED-2726 MED-2221 MED-4602 MED-2988 MED-2577 MED-2578 MED-2572 MED-2581,ultra-processed foods,0.7899568
Allergies have a connection to Alkylphenol Endocrine Disruptors.,MED-4551 MED-2643 MED-2644 MED-2645 MED-2646 MED-2647 MED-2648 MED-2649 MED-2650 MED-2651,Alkylphenol Endocrine Disruptors and Allergies,0.9380746
What are some foods that are beneficial for individuals with glaucoma?,MED-2896 MED-2899 MED-2900 MED-2901 MED-2882 MED-2898 MED-2884 MED-2885 MED-2886 MED-2888,Foods for Glaucoma,0.9048945
Apnea is a condition where a person temporarily stops breathing while sleeping.,MED-4399 MED-4400 MED-4402 MED-2644 MED-2646 MED-2651 MED-118 MED-2652 MED-2653 MED-2659,apnea,0.7951424
What is Zoloft?,MED-1356 MED-1357 MED-1358 MED-1359 MED-1360 MED-2706 MED-2708 MED-2707 MED-2711 MED-2712,Zoloft,0.83081394
What is the purpose and role of chlorophyll in plants?,MED-4194 MED-4195 MED-4196 MED-4197 MED-5225 MED-5226 MED-5234 MED-5228 MED-5229 MED-5230,chlorophyll,0.74885494
The Pritikin Puzzle has been solved.,MED-4612 MED-4220 MED-5341 MED-3875 MED-3876 MED-3877 MED-4233 MED-4222 MED-4223 MED-4224,The Answer to the Pritikin Puzzle,0.8959087
Dr. Walter Willett is a doctor.,MED-4000 MED-4002 MED-5016 MED-4005 MED-4007 MED-4001 MED-4004 MED-4006 MED-4600 MED-5293,Dr. Walter Willett,0.90801275
The experiment was successfully taken from the laboratory to the race track.,MED-4508 MED-4504 MED-4505 MED-4506 MED-1463 MED-5333 MED-1454 MED-1455 MED-1456 MED-1457,Out of the Lab Onto the Track,0.5566137
Saturated fat is a nutrient that should not be consumed in excessive amounts.,MED-4551 MED-2643 MED-2645 MED-2656 MED-2657 MED-2658 MED-2660 MED-2649 MED-2797 MED-2809,saturated fat,0.78082633
The duration for which a product can be stored without any deterioration in quality or safety.,MED-4303 MED-4324 MED-4342 MED-4349 MED-4345 MED-4346 MED-5322 MED-5323 MED-5324 MED-5325,shelf life,0.5662475
Salmon is a type of fish.,MED-2644 MED-2646 MED-2651 MED-118 MED-2652 MED-2653 MED-2655 MED-2659 MED-2661 MED-2662,salmon,0.7977252
"Who gives better advice, pharmacists or health food store employees?",MED-4370 MED-4575 MED-4371 MED-4372 MED-4373 MED-4374 MED-4598 MED-4599 MED-4673 MED-4674,Pharmacists Versus Health Food Store Employees: Who Gives Better Advice?,0.9692513
You can keep your hands warm by using citrus.,MED-3473 MED-3474 MED-3475 MED-3476 MED-3477 MED-3478 MED-3479 MED-3480 MED-3481 MED-3482,Keeping Your Hands Warm With Citrus,0.8919883
The actual benefit of diet versus drugs is the same.,MED-1486 MED-1487 MED-1488 MED-1489 MED-1490 MED-2109 MED-2110 MED-2111 MED-2112 MED-4255,The Actual Benefit of Diet vs. Drugs,0.80045307
Psoriasis can be treated by adopting plant-based diets.,MED-4103 MED-4104 MED-4853 MED-4843 MED-4844 MED-4845 MED-4846 MED-4847 MED-4848 MED-4849,Plant-Based Diets for Psoriasis,0.9036559
The norovirus is a type of virus.,MED-2747 MED-2748 MED-2749 MED-3314 MED-3306 MED-3307 MED-3316 MED-3311 MED-3292 MED-3317,norovirus,0.84495866
Is distilled fish oil free of toxins?,MED-4729 MED-4730 MED-4731 MED-4732 MED-1831 MED-1832 MED-1833 MED-1834 MED-5092 MED-2750,Is Distilled Fish Oil Toxin-Free?,0.97290677
Ergothioneine is a compound that is needed in the body.,MED-4165 MED-3707 MED-4539 MED-4540 MED-4541 MED-4650 MED-4649 MED-4651 MED-4697 MED-4698,Ergothioneine: A New Vitamin?,0.8241192
The process of altering genes through genetic manipulation.,MED-4753 MED-4757 MED-4755 MED-4756 MED-2675 MED-2676 MED-2677 MED-2678 MED-2679 MED-2674,genetic manipulation,0.72115135
The actual benefit of diet compared to drugs is what?,MED-1486 MED-1487 MED-1488 MED-1489 MED-1490 MED-2109 MED-2110 MED-2111 MED-2112 MED-4255,The Actual Benefit of Diet vs. Drugs,0.9310475
Are there any subsidies available?,MED-2722 MED-2488 MED-2489 MED-2616 MED-2617 MED-2618 MED-2619 MED-2725 MED-2726 MED-2763,subsidies,0.73692447
Medical ethics is the ethical principles and moral values that guide healthcare professionals decision-making and conduct.,MED-2527 MED-2524 MED-2525 MED-2526 MED-2528 MED-2529 MED-2530 MED-3619 MED-3601 MED-3602,medical ethics,0.7591367
The Philippines is a country.,MED-3982 MED-3983 MED-3984 MED-4000 MED-4002 MED-5016 MED-4005 MED-4007 MED-4001 MED-4004,philippines,0.6466172
"Adenovirus 36 is related to childhood obesity, also known as Infectobesity.",MED-1796 MED-1797 MED-1798 MED-1799 MED-1800 MED-1801 MED-1802 MED-1803 MED-1804 MED-4767,Infectobesity: Adenovirus 36 and Childhood Obesity,0.95658565
Diet has the potential to prevent strokes.,MED-4106 MED-4103 MED-4104 MED-4853 MED-4107 MED-4299 MED-4522 MED-4545 MED-1399 MED-1393,Preventing Strokes with Diet,0.9299486
The study about womens health in Iowa is called Iowa Womens Health Study.,MED-2757 MED-2758 MED-2762 MED-2759 MED-2760 MED-2761 MED-2494 MED-2495 MED-2496 MED-2493,Iowa Women’s Health Study,0.8331959
Dragon fruit is beneficial for your health.,MED-1574 MED-1575 MED-1576 MED-1577 MED-1578 MED-1579 MED-1580 MED-1581 MED-1582 MED-1789,Is Dragon Fruit Good For You?,0.8968073
Which vitamin supplements are worth taking?,MED-5128 MED-5129 MED-5130 MED-5131 MED-5132 MED-5133 MED-5134 MED-5135 MED-2938 MED-2939,Vitamin Supplements Worth Taking,0.9386264
Peanut butter is being requested.,MED-3369 MED-3370 MED-3372 MED-3376 MED-3377 MED-2150 MED-4646 MED-2152 MED-2153 MED-3371,peanut butter,0.6651654
What is the state of health in the uterus?,MED-3503 MED-3504 MED-3794 MED-557 MED-4753 MED-4757 MED-4755 MED-4756 MED-4938 MED-4939,uterine health,0.78962165
What is benzene?,MED-4857 MED-2706 MED-2708 MED-2707 MED-2711 MED-2712 MED-2713 MED-2709 MED-2710 MED-3668,benzene,0.7890722
Taro is being referred to.,MED-4635 MED-4640 MED-3807 MED-3809 MED-3802 MED-3808 MED-4546 MED-4547 MED-3518 MED-3519,taro,0.82382643
"The query seems to be incomplete as it only includes the term ""thiamine."" Please provide more context or rephrase the question for further assistance.",MED-3148 MED-3149 MED-4313 MED-4609 MED-4613 MED-4617 MED-4612 MED-4165 MED-3707 MED-4539,thiamine,0.6902277
What is Chanterelle mushrooms.,MED-4650 MED-4068 MED-4069 MED-4070 MED-4071 MED-4072 MED-4073 MED-5197 MED-4075 MED-4095,chanterelle mushrooms,0.83772105
The query of whether Milk and Mucus is a myth.,MED-4677 MED-1223 MED-1224 MED-5239 MED-1226 MED-1227 MED-2126 MED-1229 MED-1230 MED-1337,Is Milk and Mucus a Myth?,0.9458174
What is the healthiest sweetener?,MED-5056 MED-3742 MED-2826 MED-2827 MED-2830 MED-2831 MED-4523 MED-2966 MED-2967 MED-2968,The Healthiest Sweetener,0.95134777
The red tea consists of what?,MED-3918 MED-3919 MED-3920 MED-3921 MED-3922 MED-3923 MED-3924 MED-4864 MED-5122 MED-5120,red tea,0.773196
IGF-1 is an abbreviation referring to a certain query.,MED-2513 MED-2502 MED-2498 MED-2504 MED-2505 MED-2507 MED-5239 MED-2509 MED-2519 MED-2510,IGF-1,0.7883781
Fat toxicity is the underlying cause of diabetes.,MED-1716 MED-1236 MED-1237 MED-1238 MED-1474 MED-1992 MED-1876 MED-1998 MED-1878 MED-1879,Diabetes as a Disease of Fat Toxicity,0.93456376
Molasses is being referred to.,MED-1491 MED-1492 MED-1493 MED-1494 MED-1495 MED-5056 MED-2513 MED-2502 MED-2498 MED-2504,molasses,0.82917905
Mesquite is a type of tree or shrub.,MED-2675 MED-2676 MED-2677 MED-2678 MED-2679 MED-2674 MED-4877 MED-4878 MED-4879 MED-4391,mesquite,0.66969264
Oral intraepithelial neoplasia is a condition that refers to the presence of abnormal cells within the epithelial layer of the oral cavity.,MED-3714 MED-3715 MED-3716 MED-3717 MED-3718 MED-3719 MED-3720 MED-3721 MED-3697 MED-3698,oral intraepithelial neoplasia,0.8735917
Is pork included in this dish?,MED-3886 MED-3882 MED-3889 MED-3891 MED-2940 MED-2941 MED-2943 MED-2944 MED-2966 MED-2968,pork,0.6231185
Is rapamycin an effective treatment for certain types of cancer?,MED-2513 MED-2502 MED-2498 MED-2504 MED-2505 MED-2507 MED-5239 MED-2509 MED-2519 MED-2510,rapamycin,0.701185
Restricting caloric intake.,MED-4321 MED-4322 MED-4323 MED-4394 MED-4632 MED-4633 MED-4634 MED-4747 MED-4748 MED-4749,The Benefits of Caloric Restriction Without the Actual Restricting,0.6583967
Has there been any new information or progress regarding the frightening avocado data obtained through in vitro testing?,MED-861 MED-4618 MED-4000 MED-4002 MED-5016 MED-4005 MED-4007 MED-4001 MED-4004 MED-4006,Any update on the scary in vitro avocado data?,0.93387187
Crib death refers to the phenomenon of a baby unexpectedly dying in their crib.,MED-4399 MED-4400 MED-4402 MED-4677 MED-4745 MED-4753 MED-4757 MED-4755 MED-4756 MED-5104,crib death,0.8145178
Cholesterol is related to lower back pain.,MED-4423 MED-4424 MED-1656 MED-1657 MED-1658 MED-1659 MED-1660 MED-1661 MED-1663 MED-1664,Cholesterol and Lower Back Pain,0.9548882
Insects exist.,MED-3276 MED-3277 MED-3271 MED-3278 MED-3272 MED-3274 MED-3275 MED-3282 MED-1148 MED-1149,insects,0.7657824
Are vegetarians receiving adequate protein intake?,MED-2288 MED-3137 MED-2290 MED-2291 MED-2292 MED-2293 MED-2294 MED-2295 MED-2296 MED-2498,Do Vegetarians Get Enough Protein?,0.9336091
Japan is a country.,MED-2513 MED-2502 MED-2498 MED-2504 MED-2505 MED-2507 MED-5239 MED-2509 MED-2519 MED-2510,Japan,0.6342027
Trans fats are being researched by scientists to determine their impact on human health.,MED-2726 MED-2725 MED-3374 MED-3376 MED-1463 MED-1454 MED-1455 MED-1456 MED-1457 MED-1458,trans fats,0.7752335
What is liver disease?,MED-2527 MED-2675 MED-2676 MED-2677 MED-2678 MED-2679 MED-2780 MED-2810 MED-2787 MED-2788,liver disease,0.87499654
"""The Atkins diet is a low-carbohydrate eating plan that helps individuals lose weight.""",MED-2522 MED-2586 MED-2587 MED-2588 MED-2591 MED-3780 MED-3784 MED-1551 MED-1552 MED-1553,Atkins diet,0.7817487
BPA plastic is linked to male sexual dysfunction.,MED-4185 MED-4186 MED-4653 MED-4654 MED-4655 MED-4656 MED-4991 MED-4992 MED-2008 MED-2009,BPA Plastic and Male Sexual Dysfunction,0.9398664
"Magnesium is a chemical element with the symbol ""Mg"" on the periodic table.",MED-3137 MED-3148 MED-3149 MED-4313 MED-1133 MED-1134 MED-1135 MED-1136 MED-1137 MED-1138,magnesium,0.69152594
Comparing caloric restriction with plant-based diets.,MED-1711 MED-1712 MED-2763 MED-1714 MED-1715 MED-1716 MED-1717 MED-1718 MED-1719 MED-1720,Caloric Restriction vs. Plant-Based Diets,0.9013846
What is serotonin?,MED-3518 MED-3519 MED-3532 MED-3533 MED-3524 MED-3527 MED-3539 MED-3536 MED-3537 MED-5030,serotonin,0.8074055
How much alcohol is safe for breast cancer?,MED-3762 MED-3763 MED-3764 MED-3696 MED-3697 MED-3698 MED-3699 MED-3700 MED-3701 MED-3765,Breast Cancer & Alcohol: How Much is Safe?,0.94661546
Alternative medicine is another term for non-conventional or holistic forms of treatment.,MED-2527 MED-2706 MED-2708 MED-2707 MED-2711 MED-2712 MED-2713 MED-2709 MED-2710 MED-2780,alternative medicine,0.76994634
Bacon that has been enriched with Vitamin C.,MED-4470 MED-4216 MED-4211 MED-4212 MED-4471 MED-4472 MED-4976 MED-4514 MED-4515 MED-5181,Vitamin C-Enriched Bacon,0.9109678
Lyme disease is a medical condition caused by a bacteria transmitted through tick bites.,MED-2355 MED-2362 MED-2363 MED-2364 MED-2365 MED-2369 MED-2337 MED-2338 MED-2339 MED-2340,lyme disease,0.8360694
Dr. Dean Ornish is a renowned individual in his field.,MED-2763 MED-3780 MED-3784 MED-3242 MED-3244 MED-3790 MED-3245 MED-5337 MED-3250 MED-3251,Dr. Dean Ornish,0.87029827
Tufts University is a prestigious academic institution.,MED-762 MED-4247 MED-4642 MED-4643 MED-4644 MED-4776 MED-4777 MED-4778 MED-4779 MED-4780,Tufts,0.7017502
Diet can be utilized to prevent Ulcerative Colitis.,MED-1418 MED-1419 MED-1420 MED-1421 MED-3964 MED-4342 MED-1581 MED-1425 MED-1426 MED-1574,Preventing Ulcerative Colitis with Diet,0.96867937
Does Caffeinated Tea Cause Dehydration?,MED-4331 MED-4438 MED-4439 MED-4602 MED-5052 MED-5058 MED-4328 MED-4329 MED-4330 MED-4332,Is Caffeinated Tea Dehydrating?,0.95737314
Sulfur is being inquired about.,MED-717 MED-718 MED-719 MED-720 MED-721 MED-722 MED-723 MED-724 MED-5204 MED-1184,sulfur,0.8446183
Is D2 (ergocalciferol) inferior to D3 (cholecalciferol) as a preferable form of vitamin D?,MED-961 MED-962 MED-5128 MED-5129 MED-5130 MED-5131 MED-5132 MED-5133 MED-5134 MED-5135,Is vitamin D3 (cholecalciferol) preferable to D2 (ergocalciferol)?,0.97702575
Can plants and supplements be used to treat asthma?,MED-2445 MED-2458 MED-2448 MED-2450 MED-2449 MED-2452 MED-2453 MED-2441 MED-2442 MED-2472,Treating Asthma With Plants vs. Pills,0.86211723
There are bagels.,MED-3146 MED-3145 MED-2033 MED-2013 MED-2014 MED-2027 MED-2016 MED-2037 MED-2018 MED-2019,bagels,0.80242467
Parkinsons disease is a neurodegenerative disorder affecting movement and causing symptoms such as tremors and rigidity.,MED-1166 MED-1167 MED-1178 MED-1169 MED-1170 MED-1171 MED-1172 MED-1173 MED-1174 MED-1175,Parkinson's disease,0.8324323
What is the bioavailability?,MED-1847 MED-1848 MED-1849 MED-1850 MED-1851 MED-1852 MED-2185 MED-2200 MED-2201 MED-2188,bioavailability,0.8949019
Cauliflower is being referred to.,MED-3103 MED-3107 MED-3106 MED-3108 MED-3109 MED-3112 MED-3238 MED-3241 MED-3242 MED-3244,cauliflower,0.8451215
Psoriasis can be effectively managed by adopting plant-based diets.,MED-4103 MED-4104 MED-4853 MED-4843 MED-4844 MED-4845 MED-4846 MED-4847 MED-4848 MED-4849,Plant-Based Diets for Psoriasis,0.93863165
Bone fractures occur when there is a break in the bone.,MED-2988 MED-2980 MED-2990 MED-2986 MED-2985 MED-2987 MED-332 MED-3090 MED-334 MED-335,bone fractures,0.7303566
Can probiotics be used to prevent the common cold?,MED-3680 MED-3681 MED-3682 MED-3683 MED-3693 MED-3685 MED-3686 MED-3687 MED-3671 MED-3676,Preventing the Common Cold with Probiotics?,0.9560708
What is titanium dioxide?,MED-3960 MED-3961 MED-3962 MED-3963 MED-3964 MED-3965 MED-3966 MED-3967 MED-3968 MED-3969,titanium dioxide,0.8847929
The Dietary Theory of Alzheimers suggests a relationship between diet and Alzheimers.,MED-4790 MED-2215 MED-726 MED-4671 MED-743 MED-744 MED-745 MED-746 MED-4193 MED-3585,Dietary Theory of Alzheimer's,0.95654845
Suppositories are medicinal substances that are to be inserted into the rectum or vagina.,MED-1240 MED-1241 MED-1242 MED-1243 MED-1244 MED-1245 MED-1246 MED-1247 MED-1248 MED-3688,suppositories,0.801308
What are grapes?,MED-2663 MED-2664 MED-2665 MED-4860 MED-2668 MED-2670 MED-2669 MED-2797 MED-2809 MED-2799,grapes,0.7737096
Antinutrients refer to substances that hinder the absorption or utilization of nutrients in the body.,MED-2575 MED-2580 MED-2571 MED-2583 MED-2574 MED-2568 MED-2988 MED-2559 MED-4319 MED-2570,antinutrients,0.7589892
The bioavailability is the amount of a substance that is able to enter the bloodstream and have an active effect on the body.,MED-1847 MED-1848 MED-1849 MED-1850 MED-1851 MED-1852 MED-2185 MED-2200 MED-2201 MED-2188,bioavailability,0.79160273
Organic foods possess a higher level of safety compared to non-organic foods.,MED-1166 MED-1167 MED-1178 MED-1169 MED-1170 MED-1171 MED-1172 MED-1173 MED-1174 MED-1175,Are Organic Foods Safer?,0.855109
Insects are being referred to.,MED-3276 MED-3277 MED-3271 MED-3278 MED-3272 MED-3274 MED-3275 MED-3282 MED-1148 MED-1149,insects,0.78930366
Red tea is being referred to.,MED-3918 MED-3919 MED-3920 MED-3921 MED-3922 MED-3923 MED-3924 MED-4864 MED-5122 MED-5120,red tea,0.802565
Coffee is a beverage made from brewing ground coffee beans.,MED-2675 MED-2676 MED-2677 MED-2678 MED-2679 MED-3639 MED-1621 MED-1622 MED-1623 MED-1624,coffee,0.6198097
Phytates are used for the treatment of cancer.,MED-2568 MED-4319 MED-2570 MED-2571 MED-2572 MED-2573 MED-2574 MED-2575 MED-2988 MED-2577,Phytates for the Treatment of Cancer,0.93356687
The object is packed with lead.,MED-4200 MED-4201 MED-4202 MED-4531 MED-4944 MED-2494 MED-2495 MED-2496 MED-2493 MED-2497,Filled Full of Lead,0.66110164
Do krill oil supplements outperform fish oil capsules?,MED-927 MED-928 MED-4936 MED-930 MED-931 MED-5091 MED-5092 MED-5093 MED-2750 MED-2751,Are krill oil supplements better than fish oil capsules?,0.98127353
The role of diet in breast cancer.,MED-4650 MED-4747 MED-4748 MED-4749 MED-4750 MED-4751 MED-4771 MED-4783 MED-5116 MED-4785,Breast Cancer and Diet,0.9419955
Multivitamins have positive effects on your health.,MED-4925 MED-2759 MED-2760 MED-2761 MED-4645 MED-4646 MED-4647 MED-2700 MED-2695 MED-2697,Are Multivitamins Good For You?,0.88073236
The condition of the soil is important for its overall health.,MED-4771 MED-1956 MED-1957 MED-1958 MED-1959 MED-1960 MED-1961 MED-1962 MED-1963 MED-4686,soil health,0.87666726
The practices used in factory farming.,MED-2700 MED-2695 MED-2697 MED-2703 MED-2698 MED-2699 MED-2705 MED-4131 MED-2740 MED-2741,factory farming practices,0.91496664
Native Americans are a group of people without altering their meaning.,MED-2999 MED-2997 MED-2765 MED-3001 MED-3000 MED-5041 MED-5042 MED-3875 MED-3876 MED-3877,Native Americans,0.5770123
The concept being referred to is memory.,MED-2644 MED-2646 MED-2651 MED-118 MED-2652 MED-2653 MED-2655 MED-2659 MED-2661 MED-2662,memory,0.67748463
Pineapples are being referred to.,MED-3742 MED-3743 MED-3744 MED-3745 MED-3746 MED-3747 MED-3748 MED-4585 MED-2150 MED-4646,pineapples,0.817133
Does Caramel Color have carcinogenic properties?,MED-2992 MED-2993 MED-2994 MED-3085 MED-3086 MED-3087 MED-3088 MED-3091 MED-3092 MED-3095,Is Caramel Color Carcinogenic?,0.9785032
Betel nuts are a type of seed used for chewing.,MED-5017 MED-2150 MED-4646 MED-2152 MED-2153 MED-2592 MED-2593 MED-2594 MED-2595 MED-2596,Are Betel Nuts Good For You?,0.7953715
Where to find kidney beans?,MED-2966 MED-2968 MED-2970 MED-2972 MED-4981 MED-2140 MED-2141 MED-4319 MED-2143 MED-2144,kidney beans,0.8111009
The individuals who should exercise caution with curcumin are?,MED-2780 MED-2810 MED-2787 MED-2788 MED-2777 MED-2816 MED-2800 MED-2790 MED-2791 MED-2792,Who Should be Careful About Curcumin?,0.82625824
The storage of dioxins in our own fat may result in an increased risk of diabetes.,MED-2394 MED-2395 MED-2397 MED-2404 MED-2400 MED-2385 MED-2386 MED-2388 MED-2389 MED-2396,Dioxins Stored in Our Own Fat May Increase Diabetes Risk,0.9644836
Where is Panama?,MED-5041 MED-5042 MED-4071 MED-4073 MED-2736 MED-5169 MED-2745 MED-2742 MED-3238 MED-3241,Panama,0.84681076
Green Overdose is happening.,MED-3810 MED-3109 MED-3098 MED-3099 MED-3100 MED-3112 MED-3102 MED-3103 MED-3709 MED-3105,Overdosing on Greens,0.7378556
Galactosemia is a condition related to the bodys inability to process galactose.,MED-1337 MED-1338 MED-1339 MED-1340 MED-1341 MED-4922 MED-1470 MED-1471 MED-1472 MED-1473,galactosemia,0.8359139
Cows milk and childhood constipation are related.,MED-2053 MED-2054 MED-2055 MED-2056 MED-2057 MED-2058 MED-2059 MED-2060 MED-2061 MED-2062,Childhood Constipation and Cow’s Milk,0.90108836
"The Dietary Guidelines cover a range of foods, including dairies and berries.",MED-5331 MED-2999 MED-2997 MED-2765 MED-3001 MED-2966 MED-2968 MED-2970 MED-2972 MED-4981,Dietary Guidelines: From Dairies to Berries,0.91032165
What is mesquite?,MED-2675 MED-2676 MED-2677 MED-2678 MED-2679 MED-2674 MED-1956 MED-1957 MED-1958 MED-1959,mesquite,0.844314
The size of ones stool has a correlation with the risk of developing breast cancer.,MED-4516 MED-4517 MED-4518 MED-4522 MED-4635 MED-4640 MED-4637 MED-4638 MED-4639 MED-4641,Stool Size and Breast Cancer Risk,0.82446605
Diets that are low in carbohydrates.,MED-2586 MED-2587 MED-2588 MED-2591 MED-1463 MED-1464 MED-1465 MED-1466 MED-1467 MED-1468,low-carb diets,0.8339443
Parkinsons disease is a neurological disorder.,MED-1166 MED-1167 MED-1178 MED-1169 MED-1170 MED-1171 MED-1172 MED-1173 MED-1174 MED-1175,Parkinson's disease,0.85523355
What is Flax oil.,MED-4000 MED-4002 MED-5016 MED-4005 MED-4007 MED-4001 MED-4004 MED-4006 MED-4832 MED-4833,flax oil,0.79575217
Rhabdomyolysis is a medical condition involving the breakdown of muscle tissue.,MED-4828 MED-4829 MED-4830 MED-4958 MED-4959 MED-4960 MED-4961 MED-5025 MED-3178 MED-3169,rhabdomyolysis,0.8145027
Smoking is being referred to.,MED-2522 MED-2606 MED-2607 MED-2608 MED-2816 MED-2675 MED-2676 MED-2677 MED-2678 MED-2679,smoking,0.7844672
Storing dioxins in our own fat could potentially raise the risk of developing diabetes.,MED-2394 MED-2395 MED-2397 MED-2404 MED-2400 MED-2385 MED-2386 MED-2388 MED-2389 MED-2396,Dioxins Stored in Our Own Fat May Increase Diabetes Risk,0.92143506
Anisakis is a parasitic worm that can be found in certain fish species.,MED-2337 MED-2338 MED-2340 MED-2355 MED-2349 MED-4742 MED-4743 MED-3802 MED-3807 MED-3808,anisakis,0.6462188
Thiamine is the subject of the following query.,MED-3148 MED-3149 MED-4313 MED-4609 MED-4613 MED-4617 MED-4612 MED-4165 MED-3707 MED-4539,thiamine,0.7978902
Goji berries are being sought after.,MED-2882 MED-2898 MED-2884 MED-2885 MED-2886 MED-2888 MED-2889 MED-2895 MED-2926 MED-2922,goji berries,0.83985007
Fenugreek Seeds offer numerous benefits.,MED-3811 MED-5341 MED-5337 MED-4464 MED-4465 MED-4468 MED-4469 MED-4543 MED-4538 MED-4539,Benefits of Fenugreek Seeds,0.9204955
Leeks are a type of vegetable.,MED-4859 MED-2513 MED-2502 MED-2498 MED-2504 MED-2505 MED-2507 MED-5239 MED-2509 MED-2519,leeks,0.7436914
The comparison is between calcium derived from plants and calcium derived from cows.,MED-5108 MED-5109 MED-1703 MED-1699 MED-1700 MED-1701 MED-1702 MED-1762 MED-1763 MED-1764,Plant vs. Cow Calcium,0.87430394
St. Johns wort is being referred to.,MED-3918 MED-3919 MED-3920 MED-3921 MED-3922 MED-3923 MED-3924 MED-4371 MED-4372 MED-4576,St. John's wort,0.9025618
"Vaccines and food contain aluminum, but in different amounts.",MED-4908 MED-4909 MED-2248 MED-2249 MED-2250 MED-2251 MED-2252 MED-2253 MED-2254 MED-2255,Aluminum in Vaccines vs. Food,0.9163061
Finland is a country in northern Europe.,MED-1265 MED-1266 MED-1267 MED-1268 MED-1278 MED-1282 MED-1271 MED-1272 MED-1273 MED-1274,Finland,0.69297576
Excess estrogen can be relieved.,MED-4642 MED-4643 MED-4644 MED-3762 MED-3763 MED-3764 MED-1375 MED-1362 MED-1363 MED-1383,Relieving Yourself of Excess Estrogen,0.7565134
Can the use of cholesterol statin drugs lead to breast cancer?,MED-2427 MED-10 MED-2429 MED-2430 MED-2431 MED-14 MED-2432 MED-2428 MED-2440 MED-2434,Do Cholesterol Statin Drugs Cause Breast Cancer?,0.9818865
The cause behind Americas obesity problem is what?,MED-2717 MED-2715 MED-2716 MED-2718 MED-2721 MED-2720 MED-2719 MED-2723 MED-2724 MED-2722,What’s Driving America’s Obesity Problem?,0.8435589
The best treatment for constipation is...,MED-3904 MED-5175 MED-4810 MED-5322 MED-5323 MED-5324 MED-5325 MED-5326 MED-5327 MED-5328,Best Treatment for Constipation,0.88216734
Benzene is a chemical compound with a cyclic structure consisting of six carbon atoms.,MED-4857 MED-1178 MED-1179 MED-1180 MED-1181 MED-1182 MED-4182 MED-4183 MED-4203 MED-4299,benzene,0.621883
The Enzyme Myth is true on certain occasions.,MED-4454 MED-2513 MED-2502 MED-2498 MED-2504 MED-2505 MED-2507 MED-5239 MED-2509 MED-2519,Sometimes the Enzyme Myth Is True,0.96612334
What is the best dosage and source of phytosterols for optimal results?,MED-4295 MED-4300 MED-4301 MED-4316 MED-4317 MED-4318 MED-4600 MED-4622 MED-4739 MED-4740,Optimal Phytosterol Source,0.8892272
What do leeks refer to?,MED-4859 MED-2064 MED-2065 MED-2066 MED-2067 MED-2068 MED-2069 MED-2070 MED-2071 MED-4454,leeks,0.7482945
Does drinking caffeinated tea cause dehydration?,MED-4331 MED-4438 MED-4439 MED-4602 MED-5052 MED-5058 MED-4328 MED-4329 MED-4330 MED-4332,Is Caffeinated Tea Dehydrating?,0.95008695
Gaining weight.,MED-4120 MED-4121 MED-4124 MED-4727 MED-4728 MED-3866 MED-3869 MED-1342 MED-1343 MED-1344,overeating,0.70194757
Neurocysticercosis is a medical condition involving cysts in the brain.,MED-3178 MED-3169 MED-3172 MED-3181 MED-3174 MED-3175 MED-3176 MED-3182 MED-3170 MED-3171,neurocysticercosis,0.8786509
Is the safety of annatto food coloring being questioned?,MED-906 MED-4936 MED-4932 MED-3378 MED-3380 MED-5062 MED-3382 MED-2616 MED-2617 MED-2618,Is annatto food coloring safe?,0.9275602
300 foods have been assessed for their antioxidant content.,MED-4544 MED-2008 MED-2009 MED-2010 MED-2011 MED-2830 MED-2831 MED-3742 MED-3743 MED-3744,Antioxidant Content of 300 Foods,0.91559315
Processed foods that are extremely processed.,MED-2988 MED-2577 MED-2578 MED-2572 MED-2581 MED-2582 MED-2584 MED-2726 MED-2725 MED-2999,processed foods,0.8372637
What is magnesium?,MED-3137 MED-3148 MED-3149 MED-4313 MED-1133 MED-1134 MED-1135 MED-1136 MED-1137 MED-1138,magnesium,0.79993236
What is tempeh?,MED-4440 MED-4785 MED-4471 MED-4472 MED-4976 MED-4546 MED-4547 MED-5002 MED-5078 MED-3136,tempeh,0.86278766
Dragons Blood is being sought after.,MED-4525 MED-4526 MED-4527 MED-4531 MED-4812 MED-4813 MED-4814 MED-4815 MED-4816 MED-4817,Dragon's Blood,0.6830267
What is Lindane?,MED-5102 MED-5104 MED-3563 MED-3557 MED-3558 MED-1195 MED-1196 MED-5360 MED-1198 MED-1199,Lindane,0.8570258
The transition from the lab to the track.,MED-4508 MED-4504 MED-4505 MED-4506 MED-4468 MED-4469 MED-1507 MED-1508 MED-1509 MED-1510,Out of the Lab Onto the Track,0.84318507
Phytates are used to treat cancer.,MED-2568 MED-4319 MED-2570 MED-2571 MED-2572 MED-2573 MED-2574 MED-2575 MED-2988 MED-2577,Phytates for the Treatment of Cancer,0.9158732
The Bush administration was in power for eight years.,MED-4991 MED-4992 MED-4791 MED-4792 MED-2303 MED-2304 MED-2305 MED-2306 MED-5303 MED-2297,Bush administration,0.6100137
"""What is milk?""",MED-2644 MED-2646 MED-2651 MED-118 MED-2652 MED-2653 MED-2655 MED-2659 MED-2661 MED-2662,milk,0.6290693
Is it true that organic foods are safer?,MED-1166 MED-1167 MED-1178 MED-1169 MED-1170 MED-1171 MED-1172 MED-1173 MED-1174 MED-1175,Are Organic Foods Safer?,0.94698715
Tumors can be deprived of their blood supply.,MED-3549 MED-3550 MED-3551 MED-3554 MED-3555 MED-3548 MED-3552 MED-3553 MED-4089 MED-4090,Starving Tumors of Their Blood Supply,0.8343446
Do eggs affect arterial function?,MED-2370 MED-2371 MED-2372 MED-4324 MED-3197 MED-3198 MED-4300 MED-4301 MED-4602 MED-4676,Eggs and Arterial Function,0.9277974
The impact of vegetables on cancer.,MED-2926 MED-2922 MED-3465 MED-2923 MED-2925 MED-1527 MED-1528 MED-1529 MED-1530 MED-1531,Veggies vs. Cancer,0.84067225
The dietary treatment for Crohns Disease involves making specific changes to ones diet.,MED-4342 MED-4349 MED-4345 MED-4346 MED-4347 MED-4627 MED-4350 MED-4984 MED-5328 MED-4388,Treating Crohn’s Disease With Diet,0.81380856
Antioxidant-rich spices can neutralize the consequences of consuming a high-fat meal.,MED-759 MED-760 MED-4390 MED-4464 MED-4465 MED-4516 MED-4517 MED-4518 MED-4522 MED-4520,Can antioxidant-rich spices counteract the effects of a high-fat meal?,0.947721
The act of altering genetic material.,MED-4753 MED-4757 MED-4755 MED-4756 MED-2675 MED-2676 MED-2677 MED-2678 MED-2679 MED-2674,genetic manipulation,0.6358515
Yale: please rephrase the query mentioned in your task requirements.,MED-2763 MED-4324 MED-3688 MED-3689 MED-3690 MED-3691 MED-3692 MED-3693 MED-3694 MED-3695,Yale,0.4810946
The heart nerve control is being boosted.,MED-5026 MED-5027 MED-2896 MED-4384 MED-2898 MED-2899 MED-2900 MED-2901 MED-3422 MED-3423,Boosting Heart Nerve Control,0.8401747
Multiple Myeloma is related to meat intake.,MED-4820 MED-4821 MED-4436 MED-4437 MED-5032 MED-5033 MED-5034 MED-5035 MED-2940 MED-2941,Meat & Multiple Myeloma,0.9381788
Cinnamon is a spice widely used for its distinctive flavor in various dishes and beverages.,MED-2827 MED-2830 MED-2826 MED-3545 MED-3173 MED-3541 MED-3546 MED-3542 MED-3543 MED-3547,cinnamon,0.7256418
Galactosemia is a condition involving the inability to process galactose.,MED-1337 MED-1338 MED-1339 MED-1340 MED-1341 MED-1470 MED-1471 MED-1472 MED-1473 MED-1475,galactosemia,0.84649205
What is the optimal dose of phytosterols?,MED-4846 MED-4295 MED-4300 MED-4301 MED-4352 MED-4353 MED-4423 MED-4424 MED-4425 MED-4560,Optimal Phytosterol Dose,0.92891383
Worms are what the query pertains to.,MED-3169 MED-3170 MED-3171 MED-3172 MED-3173 MED-3174 MED-3175 MED-3176 MED-3177 MED-3178,worms,0.7538456
Breast cancer is caused by cholesterol statin drugs.,MED-2427 MED-10 MED-2429 MED-2430 MED-2431 MED-14 MED-2432 MED-2428 MED-2440 MED-2434,Do Cholesterol Statin Drugs Cause Breast Cancer?,0.9294423
What is the appropriate way to consume probiotics?,MED-3679 MED-3671 MED-3672 MED-3673 MED-3674 MED-3675 MED-3676 MED-3677 MED-3678 MED-3680,How Should I Take Probiotics?,0.9275338
What is Heme iron,MED-1401 MED-1402 MED-1366 MED-1403 MED-1404 MED-1405 MED-1406 MED-1407 MED-1408 MED-1409,heme iron,0.86817646
Taking vitamin supplements is worth it.,MED-5128 MED-5129 MED-5130 MED-5131 MED-5132 MED-5133 MED-5134 MED-5135 MED-2938 MED-2939,Vitamin Supplements Worth Taking,0.7615566
ADHD is related to artificial food colors.,MED-3378 MED-3379 MED-3380 MED-3381 MED-3382 MED-5062 MED-3369 MED-3370 MED-3371 MED-3372,Artificial Food Colors and ADHD,0.9406496
The progression of cancer is not affected by saturated fat.,MED-1527 MED-1528 MED-1529 MED-1530 MED-1531 MED-1532 MED-1559 MED-1560 MED-3557 MED-3242,Saturated Fat & Cancer Progression,0.8230475
Annatto food colorings safety is assured.,MED-906 MED-4936 MED-4932 MED-3378 MED-3380 MED-5062 MED-3382 MED-2616 MED-2617 MED-2618,Is annatto food coloring safe?,0.9193274
What are rickets?,MED-4575 MED-4573 MED-4574 MED-2988 MED-2980 MED-2990 MED-2986 MED-2985 MED-2987 MED-332,rickets,0.8605344
Does white meat or dark meat have more antibiotics?,MED-4166 MED-3693 MED-3690 MED-3694 MED-4167 MED-4168 MED-4433 MED-4436 MED-4437 MED-4333,More Antibiotics In White Meat or Dark Meat?,0.95179707
What is the definition of cadaverine?,MED-4546 MED-4547 MED-4958 MED-4959 MED-4960 MED-4961 MED-4116 MED-4117 MED-4548 MED-5002,cadaverine,0.8105954
What is vitamin K?,MED-5108 MED-5109 MED-4194 MED-4195 MED-4196 MED-4197 MED-4466 MED-2575 MED-2580 MED-2571,vitamin K,0.8545024
Sugar water may be better than apple juice.,MED-4091 MED-4089 MED-5071 MED-4090 MED-4413 MED-4585 MED-4687 MED-4689 MED-3679 MED-2088,Apple Juice May Be Worse Than Sugar Water,0.8556723
Veal is a type of meat derived from calves.,MED-4594 MED-4593 MED-4200 MED-4201 MED-4202 MED-3137 MED-3130 MED-3139 MED-3140 MED-3127,veal,0.78498125
Doctors responded to being named a leading killer in a certain way.,MED-5343 MED-5344 MED-5345 MED-5346 MED-5347 MED-1487 MED-1482 MED-1483 MED-1484 MED-1490,How Doctors Responded to Being Named a Leading Killer,0.9478978
Cholesterol may be related to lower back pain.,MED-4423 MED-4424 MED-1656 MED-1657 MED-1658 MED-1659 MED-1660 MED-1661 MED-1663 MED-1664,Cholesterol and Lower Back Pain,0.9607377
Heart disease prevention faces obstacles.,MED-2529 MED-2524 MED-2525 MED-2527 MED-2530 MED-2528 MED-2427 MED-2428 MED-2429 MED-2430,Barriers to Heart Disease Prevention,0.9205002
Citrus has the potential to assist in maintaining warm hands.,MED-3474 MED-3479 MED-3482 MED-3484 MED-3485 MED-3477 MED-3467 MED-3473 MED-3469 MED-3481,How Citrus Might Help Keep Your Hands Warm,0.87883615
Autophagy is exploited to extend lifespan.,MED-2513 MED-5237 MED-2517 MED-2518 MED-2519 MED-2520 MED-2521 MED-2514 MED-2943 MED-5322,Exploiting Autophagy to Live Longer,0.9381381
salmon uses?,MED-2644 MED-2646 MED-2651 MED-118 MED-2652 MED-2653 MED-2655 MED-2659 MED-2661 MED-2662,salmon,0.7860741
Vegetables are pitted against cancer.,MED-2926 MED-2922 MED-3465 MED-2923 MED-2925 MED-1527 MED-1528 MED-1529 MED-1530 MED-1531,Veggies vs. Cancer,0.8937185
What is Fosamax used for?,MED-2988 MED-2980 MED-2990 MED-2986 MED-2985 MED-2987 MED-1486 MED-1487 MED-1488 MED-1489,Fosamax,0.7060749
Can you provide information on Finland?,MED-1265 MED-1266 MED-1267 MED-1268 MED-1278 MED-1282 MED-1271 MED-1272 MED-1273 MED-1274,Finland,0.7196119
What is neurocysticercosis?,MED-3178 MED-3169 MED-3172 MED-3181 MED-3174 MED-3175 MED-3176 MED-3182 MED-3170 MED-3171,neurocysticercosis,0.9146097
Czechoslovakia was a country in Central Europe.,MED-4184 MED-5140 MED-2248 MED-2249 MED-2250 MED-2251 MED-2252 MED-2253 MED-2254 MED-2255,Czechoslovakia,0.7282238
Food dyes have a potential relationship with ADHD.,MED-3378 MED-3380 MED-5062 MED-3382 MED-2938 MED-2939 MED-2940 MED-2941 MED-2942 MED-2943,Food Dyes and ADHD,0.9608597
There have been incidents involving unexpected or undesirable events that cause harm or damage.,MED-4222 MED-3617 MED-3618 MED-3619 MED-3620 MED-3621 MED-3622 MED-2675 MED-2676 MED-2677,accidents,0.57980216
Fava beans.,MED-4281 MED-3369 MED-3370 MED-3372 MED-3376 MED-3377 MED-3374 MED-2098 MED-2140 MED-2141,fava beans,0.98414326
The cause of Americas obesity problem is what?,MED-2717 MED-2715 MED-2716 MED-2718 MED-2721 MED-2720 MED-2719 MED-2723 MED-2724 MED-2722,What’s Driving America’s Obesity Problem?,0.816568
What is molasses?,MED-1491 MED-1492 MED-1493 MED-1494 MED-1495 MED-5056 MED-717 MED-718 MED-719 MED-720,molasses,0.79959655
Is fog harmful to fish?,MED-4946 MED-2385 MED-2386 MED-2395 MED-2388 MED-2389 MED-2396 MED-2391 MED-2407 MED-3021,Fish Fog,0.76825243
"Excessive iodine can have negative consequences, just like insufficient iodine.",MED-4660 MED-4666 MED-4662 MED-4663 MED-4664 MED-3441 MED-3442 MED-3443 MED-3444 MED-3445,Too Much Iodine Can Be as Bad as Too Little,0.890669
Avocados are being referred to/requested.,MED-1463 MED-1454 MED-1455 MED-1456 MED-1457 MED-1458 MED-1459 MED-1460 MED-1461 MED-1474,avocados,0.6824497
Does milk have a positive impact on our bone health?,MED-1337 MED-1338 MED-1339 MED-1340 MED-1341 MED-1557 MED-1558 MED-1762 MED-1763 MED-1764,Is Milk Good for Our Bones?,0.94499975
Mevacor is a name of a drug.,MED-4832 MED-4833 MED-4834 MED-4835 MED-4511 MED-4512 MED-4513 MED-5058 MED-2089 MED-2090,Mevacor,0.81018066
Identify the barriers that hinder the prevention of heart disease.,MED-2529 MED-2524 MED-2525 MED-2527 MED-2530 MED-2528 MED-2427 MED-2428 MED-2429 MED-2430,Barriers to Heart Disease Prevention,0.95831764
The study known as Harvard Physicians’ Study II.,MED-2757 MED-2758 MED-2762 MED-2759 MED-2760 MED-2761 MED-1598 MED-1599 MED-1600 MED-1601,Harvard Physicians’ Study II,0.9174001
Should I snack or not?,MED-4250 MED-4300 MED-4301 MED-4324 MED-4349 MED-4345 MED-4346 MED-4603 MED-5322 MED-5323,To Snack or Not to Snack?,0.94159544
Industrial toxins refer to harmful substances produced by industries.,MED-2494 MED-2495 MED-2496 MED-2493 MED-2497 MED-2644 MED-2646 MED-2651 MED-118 MED-2652,industrial toxins,0.8985589
Prunes are available.,MED-3896 MED-3897 MED-3906 MED-3908 MED-3900 MED-4289 MED-3910 MED-4715 MED-3904 MED-5175,prunes,0.81630385
What is Splenda?,MED-1574 MED-1575 MED-1576 MED-1577 MED-1578 MED-1579 MED-1580 MED-1581 MED-1582 MED-5053,Splenda,0.8707323
Leucine is a type of amino acid.,MED-2513 MED-2502 MED-2498 MED-2504 MED-2505 MED-2507 MED-5239 MED-2509 MED-2519 MED-2510,leucine,0.7597473
Clinical evidence demonstrates the impact of flaxseeds on breast cancer survival.,MED-3841 MED-3832 MED-3843 MED-3836 MED-3853 MED-3845 MED-3848 MED-3830 MED-3840 MED-3864,Flaxseeds & Breast Cancer Survival: Clinical Evidence,0.9809933
Pesticides are substances used to control or eliminate pests.,MED-2494 MED-2495 MED-2496 MED-2493 MED-2497 MED-2747 MED-2748 MED-2749 MED-3276 MED-3277,pesticides,0.7951528
The Dietary Theory of Alzheimers is not significantly altered in its meaning.,MED-4790 MED-2215 MED-726 MED-4671 MED-743 MED-744 MED-745 MED-746 MED-4193 MED-3585,Dietary Theory of Alzheimer's,0.92232716
Trans fats are a type of fat.,MED-2726 MED-2725 MED-3374 MED-3376 MED-1463 MED-1454 MED-1455 MED-1456 MED-1457 MED-1458,trans fats,0.842273
The lawsuit against the meat industry is responsible for exposing the connection between chicken and salmonella.,MED-2736 MED-4131 MED-2738 MED-5169 MED-2740 MED-2741 MED-2742 MED-2744 MED-2745 MED-2725,Chicken Salmonella Thanks to Meat Industry Lawsuit,0.86694163
Any feed is unsafe.,MED-4355 MED-4132 MED-1763 MED-1592 MED-1593 MED-1594 MED-1595 MED-1596 MED-1597 MED-1725,Unsafe at Any Feed,0.8746011
It is unsafe in any way or manner for any type of feed.,MED-4355 MED-4132 MED-4667 MED-5109 MED-4200 MED-4201 MED-4202 MED-4333 MED-4337 MED-4531,Unsafe at Any Feed,0.82832044
There is a link between saturated fat and the progression of cancer.,MED-1527 MED-1528 MED-1529 MED-1530 MED-1531 MED-1532 MED-1559 MED-1560 MED-3557 MED-3242,Saturated Fat & Cancer Progression,0.94403225
What is the secret of the Kuna Indians?,MED-5041 MED-5042 MED-2222 MED-2223 MED-2224 MED-2225 MED-2226 MED-2227 MED-2228 MED-4286,Kuna Indian Secret,0.7811474
A diet can help in preventing strokes.,MED-4106 MED-4103 MED-4104 MED-4853 MED-4107 MED-4299 MED-4522 MED-4545 MED-1231 MED-1232,Preventing Strokes with Diet,0.9417538
Seafood is being referred to.,MED-2494 MED-2495 MED-2496 MED-2493 MED-2497 MED-2644 MED-2646 MED-2651 MED-118 MED-2652,seafood,0.82294965
The Atkins diet is a low-carbohydrate weight loss program.,MED-2522 MED-2586 MED-2587 MED-2588 MED-2591 MED-3780 MED-3784 MED-1551 MED-1552 MED-1553,Atkins diet,0.8062788
Turmeric Curcumin is used for treating Osteoarthritis.,MED-2797 MED-2809 MED-2799 MED-2800 MED-2801 MED-2802 MED-2803 MED-2804 MED-2805 MED-2819,Turmeric Curcumin and Osteoarthritis,0.90463895
"Tumors are deprived of their blood supply, causing them to starve.",MED-3549 MED-3550 MED-3551 MED-3554 MED-3555 MED-3548 MED-3552 MED-3553 MED-4089 MED-4090,Starving Tumors of Their Blood Supply,0.8026263
What are some foods that can help with glaucoma?,MED-2896 MED-2899 MED-2900 MED-2901 MED-2882 MED-2898 MED-2884 MED-2885 MED-2886 MED-2888,Foods for Glaucoma,0.8809527
The concept of dietary scoring.,MED-4686 MED-4385 MED-1208 MED-1209 MED-1210 MED-1211 MED-1212 MED-1213 MED-5303 MED-1401,dietary scoring,0.91688365
Carrageenan is a substance and its meaning should not be altered.,MED-3494 MED-3501 MED-3496 MED-3497 MED-3502 MED-3500 MED-3495 MED-3498 MED-3499 MED-3960,Should Carrageenan Be Avoided?,0.72955763
Adenovirus 36 causes illnesses.,MED-1796 MED-1797 MED-1798 MED-1799 MED-1800 MED-1801 MED-1802 MED-1803 MED-1804 MED-4767,adenovirus 36,0.89454913
What is myelopathy?,MED-5142 MED-2940 MED-2941 MED-2943 MED-2947 MED-4511 MED-4512 MED-4513 MED-2938 MED-2945,myelopathy,0.88885725
The Enzyme Myth is true at times.,MED-4454 MED-2513 MED-2502 MED-2498 MED-2504 MED-2505 MED-2507 MED-5239 MED-2509 MED-2519,Sometimes the Enzyme Myth Is True,0.97329533
A scoring system is used to evaluate diets.,MED-4686 MED-4385 MED-1208 MED-1209 MED-1210 MED-1211 MED-1212 MED-1213 MED-5303 MED-1401,dietary scoring,0.85392874
The pumpkin is being referred to.,MED-2827 MED-2830 MED-2826 MED-2831 MED-2999 MED-3000 MED-3001 MED-3617 MED-3618 MED-3620,pumpkin,0.7790748
There is a connection between acne and cancer.,MED-4752 MED-1223 MED-1224 MED-5239 MED-1226 MED-1227 MED-2126 MED-1229 MED-1230 MED-1337,Acne & Cancer Connection,0.9159543
Does the size of stool affect the risk of breast cancer?,MED-4516 MED-4517 MED-4518 MED-4522 MED-4635 MED-4640 MED-4637 MED-4638 MED-4639 MED-4641,Stool Size and Breast Cancer Risk,0.93407387
Arkansas is the subject of the following query.,MED-4413 MED-3374 MED-3376 MED-3369 MED-3370 MED-3371 MED-3372 MED-3373 MED-3375 MED-3377,Arkansas,0.70208335
Rapamycin is a type of drug.,MED-2513 MED-2502 MED-2498 MED-2504 MED-2505 MED-2507 MED-5239 MED-2509 MED-2519 MED-2510,rapamycin,0.8813869
"Which is superior, fresh fruit or frozen fruit?",MED-3714 MED-917 MED-4545 MED-2274 MED-3535 MED-2279 MED-2280 MED-2281 MED-2282 MED-3464,Fresh fruit versus frozen--which is better?,0.93697584
Bronchiolitis obliterans is a condition involving inflammation and obstruction of the bronchioles.,MED-3385 MED-3387 MED-3386 MED-2644 MED-2646 MED-2651 MED-118 MED-2652 MED-2653 MED-2659,bronchiolitis obliterans,0.8967562
The impact of eggs on arterial function is being studied.,MED-2370 MED-2371 MED-2372 MED-4324 MED-3197 MED-3198 MED-4300 MED-4301 MED-4602 MED-4676,Eggs and Arterial Function,0.95379573
There were accidents.,MED-4222 MED-3617 MED-3618 MED-3619 MED-3620 MED-3621 MED-3622 MED-2675 MED-2676 MED-2677,accidents,0.81646585
Whiting is a type of fish.,MED-5169 MED-5170 MED-2494 MED-2495 MED-2496 MED-2493 MED-2497 MED-2513 MED-2502 MED-2498,whiting,0.7425344
Zoloft is a medication.,MED-1356 MED-1357 MED-1358 MED-1359 MED-1360 MED-2706 MED-2708 MED-2707 MED-2711 MED-2712,Zoloft,0.74909824
Hyperactivity refers to excessive levels of activity or restlessness.,MED-3378 MED-3380 MED-5062 MED-3382 MED-3383 MED-3384 MED-3379 MED-3381 MED-4711 MED-4840,hyperactivity,0.73308074
Blocking the supply lines of tumors is known as anti-angiogenesis.,MED-3548 MED-3549 MED-3550 MED-3551 MED-3552 MED-3553 MED-3554 MED-3555 MED-3834 MED-3853,Anti-Angiogenesis: Cutting Off Tumor Supply Lines,0.8467079
Carcinogens are substances that can cause cancer.,MED-2568 MED-2988 MED-2559 MED-4319 MED-2570 MED-2573 MED-2574 MED-2585 MED-2599 MED-2607,carcinogens,0.75663865
Chicken Nuggets contain what substance?,MED-2991 MED-3085 MED-3086 MED-3087 MED-3088 MED-3089 MED-3090 MED-3091 MED-3092 MED-3093,What is Actually in Chicken Nuggets?,0.8711122
"Bone fractures can be rephrased as ""Fractures occur in bones.""",MED-2988 MED-2980 MED-2990 MED-2986 MED-2985 MED-2987 MED-332 MED-3090 MED-334 MED-335,bone fractures,0.68438786
Polypropylene plastic is a type of plastic.,MED-4991 MED-4992 MED-4185 MED-4186 MED-2644 MED-2646 MED-2651 MED-118 MED-2652 MED-2653,polypropylene plastic,0.8210157
Cheese mites and maggots both exist as pests in cheese.,MED-4403 MED-4908 MED-4909 MED-4912 MED-4911 MED-4936 MED-4932 MED-4132 MED-4357 MED-1108,Cheese Mites and Maggots,0.8518361
It is possible to eat healthy while on a budget.,MED-3769 MED-3770 MED-4406 MED-4454 MED-4622 MED-4686 MED-4712 MED-4771 MED-3148 MED-3149,Eating Healthy on a Budget,0.87507814
What are the principles and guidelines that govern the conduct of healthcare professionals in relation to moral and ethical considerations?,MED-2527 MED-2524 MED-2525 MED-2526 MED-2528 MED-2529 MED-2530 MED-3619 MED-3601 MED-3602,medical ethics,0.73235166
Unhealthy food is also known as junk food.,MED-2797 MED-2809 MED-2799 MED-2800 MED-2801 MED-2802 MED-2803 MED-2804 MED-2805 MED-2807,junk food,0.5839654
The evidence is converging.,MED-4696 MED-1486 MED-1487 MED-1488 MED-1489 MED-1490 MED-1496 MED-1497 MED-1498 MED-1499,Convergence of Evidence,0.7093302
What is the definition of eggnog?,MED-3806 MED-3807 MED-3808 MED-3809 MED-3810 MED-4335 MED-4336 MED-4337 MED-4349 MED-4520,eggnog,0.7569322
Can you provide information about DHA?,MED-2750 MED-2751 MED-2752 MED-2754 MED-2755 MED-3028 MED-2913 MED-3021 MED-3012 MED-3033,DHA,0.82310915
Chanterelle mushrooms are referred to as what?,MED-4650 MED-4821 MED-2885 MED-3648 MED-1950 MED-5037 MED-5122 MED-1488 MED-1474 MED-1131,chanterelle mushrooms,0.8989089
The comparison between aluminum in vaccines and aluminum in food.,MED-4908 MED-4909 MED-2248 MED-2249 MED-2250 MED-2251 MED-2252 MED-2253 MED-2254 MED-2255,Aluminum in Vaccines vs. Food,0.9432616
Where is pumpkin found?,MED-2827 MED-2830 MED-2826 MED-2831 MED-2999 MED-3000 MED-3001 MED-3617 MED-3618 MED-3620,pumpkin,0.7165239
What about seafood?,MED-2494 MED-2495 MED-2496 MED-2493 MED-2497 MED-2644 MED-2646 MED-2651 MED-118 MED-2652,seafood,0.7865566
The state called Arkansas.,MED-4413 MED-3374 MED-3376 MED-3369 MED-3370 MED-3371 MED-3372 MED-3373 MED-3375 MED-3377,Arkansas,0.73463285
What is the frequency of bowel movements?,MED-5177 MED-5175 MED-2099 MED-2100 MED-2101 MED-2102 MED-2103 MED-2529 MED-2105 MED-2106,Bowel Movement Frequency,0.9084203
"The dietary guidelines cover a range of topics, including the consumption of dairy products and berries.",MED-5331 MED-2999 MED-2997 MED-2765 MED-3001 MED-2966 MED-2968 MED-2970 MED-2972 MED-4981,Dietary Guidelines: From Dairies to Berries,0.83818614
Grapes are needed.,MED-2663 MED-2664 MED-2665 MED-4860 MED-2668 MED-2670 MED-2669 MED-2797 MED-2809 MED-2799,grapes,0.75917125
What is a fruit that is better than goji berries?,MED-2882 MED-2898 MED-2884 MED-2885 MED-2886 MED-2888 MED-2889 MED-2895 MED-2926 MED-2922,goji berries,0.8097117
Pork is the subject of the query.,MED-3886 MED-3882 MED-3889 MED-3891 MED-2940 MED-2941 MED-2943 MED-2944 MED-2966 MED-2968,pork,0.7863511
Drinking coffee has an effect on artery function.,MED-1634 MED-1635 MED-1636 MED-1637 MED-1638 MED-1639 MED-1640 MED-1641 MED-1642 MED-1643,Coffee and Artery Function,0.9218063
Heart nerve control is being enhanced.,MED-5026 MED-5027 MED-2896 MED-4384 MED-2898 MED-2899 MED-2900 MED-2901 MED-3422 MED-3423,Boosting Heart Nerve Control,0.8822753
Chronic headaches may be caused by pork parasites.,MED-3178 MED-3169 MED-3172 MED-3181 MED-3174 MED-3175 MED-3176 MED-3182 MED-3170 MED-3171,Chronic Headaches and Pork Parasites,0.9515365
Common diseases are combated by consuming more than just one apple per day.,MED-5322 MED-5323 MED-5324 MED-5325 MED-5326 MED-5327 MED-5328 MED-5329 MED-5330 MED-5331,More Than an Apple a Day: Combating Common Diseases,0.86068594
Doctors were named a leading killer and their response was observed.,MED-5343 MED-5344 MED-5345 MED-5346 MED-5347 MED-1487 MED-1482 MED-1483 MED-1484 MED-1490,How Doctors Responded to Being Named a Leading Killer,0.8733467
There is hormonal dysfunction.,MED-3085 MED-3086 MED-3087 MED-3088 MED-3089 MED-3090 MED-3091 MED-3092 MED-3093 MED-3094,hormonal dysfunction,0.85801387
What is a hernia?,MED-2997 MED-2999 MED-3000 MED-3001 MED-5177 MED-5175 MED-2586 MED-2587 MED-2588 MED-2591,hernia,0.8058193
The new recommendations shed some light on Vitamin D.,MED-714 MED-919 MED-716 MED-4573 MED-4574 MED-4575 MED-4570 MED-3503 MED-3504 MED-3794,Vitamin D: Shedding some light on the new recommendations,0.9379526
Low-carb diets are often effective for weight loss.,MED-2586 MED-2587 MED-2588 MED-2591 MED-1463 MED-1464 MED-1465 MED-1466 MED-1467 MED-1468,low-carb diets,0.82080376
The enlargement of the prostate can be treated with diet.,MED-5176 MED-4230 MED-4231 MED-4232 MED-4233 MED-4234 MED-4235 MED-4236 MED-4237 MED-4239,Treating an Enlarged Prostate With Diet,0.8919178
Pineapples are what the query is referring to.,MED-3742 MED-3743 MED-3744 MED-3745 MED-3746 MED-3747 MED-3748 MED-4585 MED-2150 MED-4646,pineapples,0.7625617
Kiwifruit can be used to treat Irritable Bowel Syndrome.,MED-4325 MED-4516 MED-4517 MED-4518 MED-4522 MED-4635 MED-4640 MED-4637 MED-4689 MED-4810,Kiwifruit for Irritable Bowel Syndrome,0.9342569
Are worms considered to be a type of insect?,MED-3276 MED-3277 MED-3271 MED-3278 MED-3272 MED-3274 MED-3275 MED-3282 MED-1148 MED-1149,insects,0.6081581
Olive oil has an effect on artery function.,MED-5260 MED-5261 MED-5262 MED-5263 MED-5278 MED-5265 MED-5266 MED-5267 MED-5268 MED-5269,Olive Oil and Artery Function,0.9654168
What is peanut butter?,MED-3369 MED-3370 MED-3372 MED-3376 MED-3377 MED-2150 MED-4646 MED-2152 MED-2153 MED-3371,peanut butter,0.7326732
Avocados have health benefits.,MED-4619 MED-4620 MED-4621 MED-4514 MED-4515 MED-4618 MED-861 MED-4000 MED-4002 MED-5016,Are Avocados Good for You?,0.82955605
How is lard made?,MED-2644 MED-2646 MED-2651 MED-118 MED-2652 MED-2653 MED-2655 MED-2659 MED-2661 MED-2662,lard,0.7013117
The person is in a coma.,MED-2527 MED-3314 MED-3306 MED-3307 MED-3316 MED-3311 MED-3292 MED-3317 MED-3294 MED-3320,coma,0.56137425
There is maple syrup available.,MED-4150 MED-5056 MED-717 MED-718 MED-719 MED-720 MED-721 MED-722 MED-723 MED-724,maple syrup,0.76748013
"Pepper and turmeric are added to V8 juice, right?",MED-892 MED-4390 MED-4993 MED-2790 MED-2792 MED-2793 MED-2794 MED-2800 MED-2791 MED-2825,What about pepper plus turmeric in V8 juice?,0.86639255
Diet can be used to counteract the effects of dioxins.,MED-3109 MED-3098 MED-3099 MED-3100 MED-3112 MED-3102 MED-4194 MED-4195 MED-4196 MED-4197,Counteracting the Effects of Dioxins Through Diet,0.94719434
Cumin is a spice.,MED-2830 MED-735 MED-2831 MED-2599 MED-2607 MED-2602 MED-2603 MED-2605 MED-2604 MED-2606,cumin,0.67226607
"Dental X-rays are safe, right?",MED-3618 MED-3621 MED-3619 MED-3601 MED-3602 MED-3603 MED-3604 MED-3615 MED-3606 MED-3607,Are Dental X-Rays Safe?,0.97196484
What is saturated fat?,MED-4551 MED-2643 MED-2645 MED-2656 MED-2657 MED-2658 MED-2660 MED-2649 MED-2797 MED-2809,saturated fat,0.84205484
Artificial colors have negative effects on health.,MED-4403 MED-5062 MED-5063 MED-3378 MED-3380 MED-3382 MED-2616 MED-2617 MED-2618 MED-2619,Are Artificial Colors Harmful?,0.87250566
Can B vitamins prevent brain loss?,MED-980 MED-981 MED-982 MED-983 MED-984 MED-985 MED-986 MED-987 MED-988 MED-3137,Preventing Brain Loss with B Vitamins?,0.9728159
Can Probiotics prevent the Common Cold?,MED-3680 MED-3681 MED-3682 MED-3683 MED-3693 MED-3685 MED-3686 MED-3687 MED-3671 MED-3676,Preventing the Common Cold with Probiotics?,0.9589119
Is there any update on the scary in vitro avocado data?,MED-861 MED-4618 MED-4000 MED-4002 MED-5016 MED-4005 MED-4007 MED-4001 MED-4004 MED-4006,Any update on the scary in vitro avocado data?,0.993893
The risks of alcohol compared to its benefits should be evaluated.,MED-4994 MED-3696 MED-3697 MED-3698 MED-3699 MED-3700 MED-3701 MED-3762 MED-3763 MED-3764,Alcohol Risks vs. Benefits,0.8278543
Turnips are a type of vegetable.,MED-2098 MED-2675 MED-2676 MED-2677 MED-2678 MED-2679 MED-3109 MED-3098 MED-3099 MED-3100,turnips,0.7777724
Pork tapeworms can cause chronic headaches.,MED-3169 MED-3170 MED-3171 MED-3172 MED-3173 MED-3174 MED-3175 MED-3176 MED-3177 MED-3178,Chronic Headaches and Pork Tapeworms,0.94467527
There is an issue with hormone functioning.,MED-3085 MED-3086 MED-3087 MED-3088 MED-3089 MED-3090 MED-3091 MED-3092 MED-3093 MED-3094,hormonal dysfunction,0.8031801
The goal is to stop heart disease in childhood.,MED-3254 MED-3253 MED-3255 MED-5322 MED-5323 MED-5324 MED-5325 MED-5326 MED-5327 MED-5328,Stopping Heart Disease in Childhood,0.8204417
Apple cider vinegars health benefits include advantages for ones well-being.,MED-941 MED-942 MED-4701 MED-4702 MED-4703 MED-4265 MED-4266 MED-4267 MED-4590 MED-4580,Is apple cider vinegar good for you?,0.7701189
What is the recommended way to take probiotics?,MED-3679 MED-3671 MED-3672 MED-3673 MED-3674 MED-3675 MED-3676 MED-3677 MED-3678 MED-3680,How Should I Take Probiotics?,0.9697991
beans from the broad bean plant,MED-4859 MED-2513 MED-2502 MED-2498 MED-2504 MED-2505 MED-2507 MED-5239 MED-2509 MED-2519,broad beans,0.76153624
Cholesterol statin drugs are responsible for causing breast cancer.,MED-2427 MED-10 MED-2429 MED-2430 MED-2431 MED-14 MED-2432 MED-2428 MED-2440 MED-2434,Do Cholesterol Statin Drugs Cause Breast Cancer?,0.93569684
Crohns Disease can be treated through dietary considerations.,MED-4342 MED-4349 MED-4345 MED-4346 MED-4347 MED-4627 MED-4350 MED-4984 MED-5328 MED-4388,Treating Crohn’s Disease With Diet,0.9077095
The public is being buttered up by the Saturated Fat Studies.,MED-1557 MED-1558 MED-3597 MED-3598 MED-3599 MED-4556 MED-4559 MED-1551 MED-1552 MED-1553,The Saturated Fat Studies: Buttering Up the Public,0.8337931
Fenugreek can be used to increase muscle strength.,MED-4544 MED-4150 MED-5341 MED-5337 MED-4464 MED-4465 MED-4468 MED-4469 MED-4501 MED-4502,Increasing Muscle Strength with Fenugreek,0.9093325
A diet that is based on plants.,MED-3585 MED-3586 MED-3592 MED-3598 MED-3597 MED-3671 MED-3676 MED-4481 MED-3728 MED-3730,plant-based diet,0.78467596
Cadaverine is a chemical compound.,MED-4546 MED-4547 MED-4958 MED-4959 MED-4960 MED-4961 MED-1139 MED-1140 MED-1167 MED-1142,cadaverine,0.7900299
The frequency of bowel movements.,MED-5177 MED-5175 MED-2099 MED-2100 MED-2101 MED-2102 MED-2103 MED-2529 MED-2105 MED-2106,Bowel Movement Frequency,0.86285377
What is meant by antinutrients?,MED-2575 MED-2580 MED-2571 MED-2583 MED-2574 MED-2568 MED-2988 MED-2559 MED-4319 MED-2570,antinutrients,0.88252246
The effects of dioxins are counteracted through diet.,MED-3109 MED-3098 MED-3099 MED-3100 MED-3112 MED-3102 MED-4194 MED-4195 MED-4196 MED-4197,Counteracting the Effects of Dioxins Through Diet,0.94323575
Chicken Nuggets contain what ingredients exactly?,MED-2991 MED-3085 MED-3086 MED-3087 MED-3088 MED-3089 MED-3090 MED-3091 MED-3092 MED-3093,What is Actually in Chicken Nuggets?,0.93889785
Splenda is a low-calorie sweetener.,MED-918 MED-4576 MED-4585 MED-4127 MED-4124 MED-4125 MED-4126 MED-4867 MED-4868 MED-4869,What's the best low calorie sweetener?,0.6846978
Bisphenol A (BPA) in plastic can cause male sexual dysfunction.,MED-4185 MED-4186 MED-4653 MED-4654 MED-4655 MED-4656 MED-4991 MED-4992 MED-2008 MED-2009,BPA Plastic and Male Sexual Dysfunction,0.93101597
Kidney beans are a type of legume.,MED-2966 MED-2968 MED-2970 MED-2972 MED-4981 MED-2140 MED-2141 MED-4319 MED-2143 MED-2144,kidney beans,0.75266814
What is Canker sores.,MED-4841 MED-3315 MED-3305 MED-3308 MED-3310 MED-3312 MED-3318 MED-3313 MED-3306 MED-3307,canker sores,0.86409795
Coconut milks nutritional benefits are good for your health.,MED-5012 MED-5013 MED-5014 MED-5015 MED-5016 MED-4000 MED-4002 MED-4005 MED-4007 MED-4001,Is Coconut Milk Good For You?,0.8710173
What is Endocrine disruptors?,MED-2494 MED-2495 MED-2496 MED-2493 MED-2497 MED-2644 MED-2646 MED-2651 MED-118 MED-2652,endocrine disruptors,0.8937212
What is leucine?,MED-2513 MED-2502 MED-2498 MED-2504 MED-2505 MED-2507 MED-5239 MED-2509 MED-2519 MED-2510,leucine,0.8561267
Is oxen meat available?,MED-4687 MED-4689 MED-2164 MED-2165 MED-2166 MED-2167 MED-2168 MED-2169 MED-2170 MED-2171,oxen meat,0.798844
African-Americans are being referred to.,MED-3875 MED-3876 MED-3877 MED-4233 MED-1412 MED-1413 MED-1414 MED-1415 MED-1416 MED-1417,African Americans,0.7282485
CT scan radiation increases the risk of developing cancer.,MED-3623 MED-3624 MED-3625 MED-3626 MED-3627 MED-3609 MED-3610 MED-3617 MED-3620 MED-3622,Cancer Risk From CT Scan Radiation,0.89124715
Do antioxidant-rich spices have the ability to offset the effects of a high-fat meal?,MED-759 MED-760 MED-4390 MED-4464 MED-4465 MED-4516 MED-4517 MED-4518 MED-4522 MED-4520,Can antioxidant-rich spices counteract the effects of a high-fat meal?,0.985447
There is a fish fog.,MED-4946 MED-2385 MED-2386 MED-2395 MED-2388 MED-2389 MED-2396 MED-2391 MED-2407 MED-3021,Fish Fog,0.9001327
Cocaine is a drug.,MED-2586 MED-2587 MED-2588 MED-2591 MED-3050 MED-3038 MED-3052 MED-3053 MED-3054 MED-3044,cocaine,0.68896997
What happens if we add both pepper and turmeric to V8 juice?,MED-892 MED-4390 MED-4993 MED-2790 MED-2792 MED-2793 MED-2794 MED-2800 MED-2791 MED-2825,What about pepper plus turmeric in V8 juice?,0.90695274
Viral infections are communicable diseases caused by viruses.,MED-2747 MED-2748 MED-2749 MED-1103 MED-1104 MED-1105 MED-1106 MED-1107 MED-1108 MED-1109,viral infections,0.72745234
Walnut oil is what this query is about.,MED-2150 MED-4646 MED-2152 MED-2153 MED-4303 MED-4347 MED-4627 MED-4349 MED-4350 MED-1459,walnut oil,0.85379577
Plants that are toxic.,MED-5159 MED-5160 MED-5161 MED-5162 MED-691 MED-692 MED-4174 MED-4175 MED-4176 MED-4177,poisonous plants,0.8866856
What is Dragons Blood?,MED-4525 MED-4526 MED-4527 MED-4531 MED-4812 MED-4813 MED-4814 MED-4815 MED-4816 MED-4817,dragon's blood,0.7038709
Junk food is a term used to describe unhealthy or low-nutrient food.,MED-2797 MED-2809 MED-2799 MED-2800 MED-2801 MED-2802 MED-2803 MED-2804 MED-2805 MED-2807,junk food,0.67885065
Dragon fruit is good for you.,MED-1574 MED-1575 MED-1576 MED-1577 MED-1578 MED-1579 MED-1580 MED-1581 MED-1582 MED-1789,Is Dragon Fruit Good For You?,0.9122088
Apple juice could potentially have more negative health effects compared to sugar water.,MED-4091 MED-4089 MED-5071 MED-4090 MED-4413 MED-4585 MED-4687 MED-4689 MED-4590 MED-4580,Apple Juice May Be Worse Than Sugar Water,0.91103506
Meat purge and cola share commonalities.,MED-332 MED-3090 MED-334 MED-335 MED-3092 MED-3094 MED-3085 MED-3086 MED-3087 MED-3088,What Do Meat Purge and Cola Have in Common?,0.9002517
What is Domoic acid?,MED-4380 MED-4381 MED-4000 MED-4002 MED-5016 MED-4005 MED-4007 MED-4001 MED-4004 MED-4006,domoic acid,0.8955873
The duration needed to detox from fish before pregnancy is how long?,MED-3021 MED-3023 MED-2904 MED-2905 MED-2906 MED-2907 MED-3024 MED-3025 MED-2910 MED-3027,How Long to Detox From Fish Before Pregnancy?,0.96028453
Blood clots are what the query is referring to.,MED-398 MED-3200 MED-3201 MED-3202 MED-3203 MED-3209 MED-1682 MED-1683 MED-1701 MED-1685,blood clots,0.83476496
Blood clots can form in the body.,MED-398 MED-3200 MED-3201 MED-3202 MED-3203 MED-3209 MED-1682 MED-1683 MED-1701 MED-1685,blood clots,0.8358914
There is a presence of liver disease.,MED-2527 MED-2675 MED-2676 MED-2677 MED-2678 MED-2679 MED-2780 MED-2810 MED-2787 MED-2788,liver disease,0.86097217
You can get rid of excess estrogen.,MED-4642 MED-4643 MED-4644 MED-3762 MED-3763 MED-3764 MED-1375 MED-1362 MED-1363 MED-1383,Relieving Yourself of Excess Estrogen,0.7551029
"Serotonin is a hormone that affects mood, appetite, and sleep.",MED-3518 MED-3519 MED-3532 MED-3533 MED-3524 MED-3527 MED-3539 MED-3536 MED-3537 MED-5030,serotonin,0.7754543
What is the function of cortisol?,MED-4103 MED-4104 MED-4853 MED-3518 MED-3519 MED-3532 MED-3533 MED-3524 MED-3527 MED-3539,cortisol,0.8057991
Different techniques used for preparing food.,MED-2675 MED-2676 MED-2677 MED-2678 MED-2679 MED-2736 MED-5169 MED-2745 MED-2742 MED-2827,cooking methods,0.69411933
"Another study demonstrated that carnitine had positive effects on heart health, right?",MED-4324 MED-4556 MED-4559 MED-3780 MED-3781 MED-3782 MED-3783 MED-3784 MED-3785 MED-3786,Didn't another study show carnitine was good for the heart?,0.9546555
Tumor supply lines are cut off through anti-angiogenesis.,MED-3548 MED-3549 MED-3550 MED-3551 MED-3552 MED-3553 MED-3554 MED-3555 MED-3834 MED-3853,Anti-Angiogenesis: Cutting Off Tumor Supply Lines,0.8858479
Believing in any scientific study is possible.,MED-952 MED-5159 MED-5160 MED-5161 MED-5162 MED-1496 MED-1497 MED-1498 MED-1499 MED-1500,How can you believe in any scientific study?,0.81353927
The inability to hear.,MED-4532 MED-4533 MED-4534 MED-4535 MED-4536 MED-4711 MED-4946 MED-4375 MED-3976 MED-3977,deafness,0.8276752
Coconut milk has beneficial effects on health.,MED-5012 MED-5013 MED-5014 MED-1277 MED-1278 MED-1279 MED-1280 MED-1281 MED-1282 MED-1283,Is Coconut Milk Good For You?,0.8696909
Broccoli enhances liver function for an extended period.,MED-4040 MED-4976 MED-5197 MED-4049 MED-4053 MED-4051 MED-5116 MED-4047 MED-4055 MED-4050,Prolonged Liver Function Enhancement From Broccoli,0.9562314
Subsidies are financial assistance given by the government or a governing body to support certain industries or individuals.,MED-2722 MED-2488 MED-2489 MED-2616 MED-2617 MED-2618 MED-2619 MED-2725 MED-2726 MED-2763,subsidies,0.7233939
"Crib death refers to the sudden, unexpected death of an infant during sleep, also commonly known as Sudden Infant Death Syndrome (SIDS).",MED-4399 MED-4400 MED-4402 MED-4677 MED-4313 MED-4314 MED-4315 MED-4352 MED-4353 MED-4562,crib death,0.8144305
Folic acid is being referred to.,MED-1195 MED-1196 MED-5360 MED-1198 MED-1199 MED-1200 MED-1201 MED-1202 MED-1203 MED-4365,folic acid,0.90173507
Growth promoters are being sought without any modification to their intended effect.,MED-2769 MED-2770 MED-2771 MED-2772 MED-2774 MED-2775 MED-3563 MED-3557 MED-3558 MED-3887,growth promoters,0.80653816
What is the condition of deafness?,MED-4532 MED-4533 MED-4534 MED-4535 MED-4536 MED-4711 MED-4946 MED-3976 MED-3977 MED-3978,deafness,0.85574555
The mystery of apthous ulcer is solved.,MED-4841 MED-1223 MED-1224 MED-5239 MED-1226 MED-1227 MED-2126 MED-1229 MED-1230 MED-2053,Apthous Ulcer Mystery Solved,0.9258957
Using diet as a treatment for an enlarged prostate can be effective.,MED-5176 MED-4230 MED-4231 MED-4232 MED-4233 MED-4234 MED-4235 MED-4236 MED-4237 MED-4239,Treating an Enlarged Prostate With Diet,0.9602494
Inflammatory Bowel Disease is related to Titanium Dioxide.,MED-3960 MED-3961 MED-3962 MED-3963 MED-3964 MED-3965 MED-3966 MED-3967 MED-3968 MED-3969,Titanium Dioxide & Inflammatory Bowel Disease,0.9730598
Diet can help prevent cataracts.,MED-4382 MED-4385 MED-4383 MED-4384 MED-4984 MED-4388 MED-4389 MED-4553 MED-4554 MED-5328,Preventing Cataracts with Diet,0.9623704
Is eggnog a popular holiday drink?,MED-3806 MED-3807 MED-3808 MED-3809 MED-3810 MED-4335 MED-4336 MED-4337 MED-4349 MED-4520,eggnog,0.658594
ECMO is an abbreviation for Extracorporeal Membrane Oxygenation.,MED-2109 MED-2110 MED-2111 MED-2112 MED-4255 MED-4302 MED-4333 MED-4337 MED-4335 MED-4336,ECMO,0.6550267
Do artificial colors have negative effects on your health?,MED-5062 MED-5063 MED-3378 MED-3380 MED-3382 MED-2616 MED-2617 MED-2618 MED-2619 MED-2992,Are Artificial Colors Bad for You?,0.95324576
Spearmint is a type of herb.,MED-1240 MED-1241 MED-1242 MED-1243 MED-1244 MED-1245 MED-1246 MED-1247 MED-1248 MED-1519,spearmint,0.80215645
The neurobiology of artificial sweeteners is being investigated.,MED-4120 MED-4121 MED-4124 MED-1574 MED-1575 MED-1576 MED-1577 MED-1578 MED-1579 MED-1580,Neurobiology of Artificial Sweeteners,0.98538655
It is recommended to have Mercury Testing before pregnancy.,MED-4375 MED-4376 MED-4378 MED-4379 MED-4380 MED-4381 MED-4531 MED-4546 MED-4547 MED-4622,Mercury Testing Recommended Before Pregnancy,0.94317997
It is possible to have faith in any scientific study.,MED-952 MED-5159 MED-5160 MED-5161 MED-5162 MED-1496 MED-1497 MED-1498 MED-1499 MED-1500,How can you believe in any scientific study?,0.7288443
Hiroshima is referenced in the query.,MED-3617 MED-3618 MED-3620 MED-3621 MED-3615 MED-3622 MED-3623 MED-3624 MED-3625 MED-3626,Hiroshima,0.6934551
Diet can be used to prevent Ulcerative Colitis.,MED-1418 MED-1419 MED-1420 MED-1421 MED-3964 MED-4342 MED-1581 MED-1425 MED-1426 MED-1574,Preventing Ulcerative Colitis with Diet,0.9592534
Does coffee have an impact on artery function?,MED-1634 MED-1635 MED-1636 MED-1637 MED-1638 MED-1639 MED-1640 MED-1641 MED-1642 MED-1643,Coffee and Artery Function,0.89839816
The Meat Industry Lawsuit is responsible for the presence of salmonella in chicken.,MED-2736 MED-4131 MED-2738 MED-5169 MED-2740 MED-2741 MED-2742 MED-2744 MED-2745 MED-2725,Chicken Salmonella Thanks to Meat Industry Lawsuit,0.9129748
Do multivitamins have any beneficial effects on your health?,MED-4925 MED-2759 MED-2760 MED-2761 MED-4645 MED-4646 MED-4647 MED-2757 MED-2758 MED-2762,Are Multivitamins Good For You?,0.9391681
Childhood constipation is related to the consumption of cows milk.,MED-2053 MED-2054 MED-2055 MED-2056 MED-2057 MED-2058 MED-2059 MED-2060 MED-2061 MED-2062,Childhood Constipation and Cow’s Milk,0.9485994
The person took an excessive amount of greens and possibly suffered from an overdose.,MED-3810 MED-3109 MED-3098 MED-3099 MED-3100 MED-3112 MED-3102 MED-3103 MED-3709 MED-3105,Overdosing on Greens,0.7664214
What is the purpose of folic acid?,MED-1195 MED-1196 MED-5360 MED-1198 MED-1199 MED-1200 MED-1201 MED-1202 MED-1203 MED-4365,folic acid,0.8149103
What is the duration for which a product can be stored without deteriorating in quality or becoming unsafe for consumption?,MED-4303 MED-4324 MED-4342 MED-4349 MED-4345 MED-4346 MED-5322 MED-5323 MED-5324 MED-5325,shelf life,0.7545551
You can keep your hands warm with citrus.,MED-3473 MED-3474 MED-3475 MED-3476 MED-3477 MED-3478 MED-3479 MED-3480 MED-3481 MED-3482,Keeping Your Hands Warm With Citrus,0.90756696
Dr. Dean Ornishs name is what I am looking for.,MED-2763 MED-3780 MED-3784 MED-3242 MED-3244 MED-3790 MED-3245 MED-5337 MED-3250 MED-3251,Dr. Dean Ornish,0.7701746
The Global Burden of Disease Study aims to determine the worldwide burden of diseases.,MED-2076 MED-2077 MED-2078 MED-2079 MED-2080 MED-5293 MED-2082 MED-2083 MED-5303 MED-2085,Global Burden of Disease Study,0.9437691
Does white meat or dark meat contain a higher amount of antibiotics?,MED-4166 MED-3693 MED-3690 MED-3694 MED-4167 MED-4168 MED-4433 MED-4436 MED-4437 MED-4333,More Antibiotics In White Meat or Dark Meat?,0.93697965
What are industrial toxins?,MED-2494 MED-2495 MED-2496 MED-2493 MED-2497 MED-2644 MED-2646 MED-2651 MED-118 MED-2652,industrial toxins,0.91333723
Can cortisol levels be affected by stress?,MED-4103 MED-4104 MED-4853 MED-3436 MED-3437 MED-3425 MED-3427 MED-3438 MED-3428 MED-3439,cortisol,0.68397427
Conflicts of Interest in the Academy of Nutrition and Dietetics.,MED-2219 MED-2220 MED-2221 MED-2488 MED-2489 MED-2616 MED-2617 MED-2618 MED-2619 MED-2725,Academy of Nutrition and Dietetics Conflicts of Interest,0.9260136
Whats Fenugreek?,MED-3518 MED-3519 MED-3532 MED-3533 MED-3524 MED-3527 MED-3539 MED-3520 MED-3521 MED-3522,fenugreek,0.8465802
Dental X-Rays are safe.,MED-3618 MED-3621 MED-3619 MED-3601 MED-3602 MED-3603 MED-3604 MED-3615 MED-3606 MED-3607,Are Dental X-Rays Safe?,0.9217386
Is Hiroshima the name of a city?,MED-3617 MED-3618 MED-3620 MED-3621 MED-3615 MED-3622 MED-3623 MED-3624 MED-3625 MED-3626,Hiroshima,0.7675185
Fenugreek can be used to boost muscle strength.,MED-4544 MED-4150 MED-5341 MED-5337 MED-4464 MED-4465 MED-4468 MED-4469 MED-4501 MED-4502,Increasing Muscle Strength with Fenugreek,0.8983997
It is possible to eat healthy on a budget.,MED-3769 MED-3770 MED-4406 MED-4454 MED-4622 MED-4686 MED-4712 MED-4771 MED-3148 MED-3149,Eating Healthy on a Budget,0.87925124
Titanium dioxide is a substance.,MED-3960 MED-3961 MED-3962 MED-3963 MED-3964 MED-3965 MED-3966 MED-3967 MED-3968 MED-3969,titanium dioxide,0.8398367
How long does it take to detox from fish before pregnancy?,MED-3021 MED-3023 MED-2904 MED-2905 MED-2906 MED-2907 MED-3024 MED-3025 MED-2910 MED-3027,How Long to Detox From Fish Before Pregnancy?,0.9796901
Having excessive iodine can be equally detrimental as having insufficient iodine.,MED-4660 MED-4666 MED-4662 MED-4663 MED-4664 MED-3441 MED-3442 MED-3443 MED-3444 MED-3445,Too Much Iodine Can Be as Bad as Too Little,0.84821606
What is BMAA?,MED-1265 MED-1266 MED-1267 MED-1268 MED-1278 MED-1282 MED-1271 MED-1272 MED-1273 MED-1274,BMAA,0.5710951
What is the comparison between treating asthma with plants and treating asthma with supplements?,MED-2445 MED-2446 MED-2458 MED-2448 MED-2449 MED-2450 MED-2451 MED-2452 MED-2453 MED-2472,Treating Asthma With Plants vs. Supplements?,0.9246825
The calcium content in plants is being compared to that of cows.,MED-5108 MED-5109 MED-1703 MED-1699 MED-1700 MED-1701 MED-1702 MED-1762 MED-1763 MED-1764,Plant vs. Cow Calcium,0.8628551
It is advisable for diabetics to regularly monitor their pulses.,MED-2140 MED-2141 MED-4319 MED-2143 MED-2144 MED-2145 MED-2146 MED-2405 MED-2394 MED-2395,Diabetics Should Take Their Pulses,0.88939166
The aim is to prevent or reduce the consumption of cooked meat carcinogens.,MED-4053 MED-4058 MED-4055 MED-4060 MED-4057 MED-4059 MED-4075 MED-4068 MED-4069 MED-4070,Avoiding Cooked Meat Carcinogens,0.742306
Can you give me a recipe for healthy chocolate milkshakes?,MED-2274 MED-3535 MED-2222 MED-2223 MED-2224 MED-2225 MED-2226 MED-2227 MED-2228 MED-2279,Healthy Chocolate Milkshakes,0.8311797
What is the safe amount of alcohol for breast cancer?,MED-3762 MED-3763 MED-3764 MED-3696 MED-3697 MED-3698 MED-3699 MED-3700 MED-3701 MED-3765,Breast Cancer & Alcohol: How Much is Safe?,0.93012327
Is D3 (cholecalciferol) more preferred than D2 (ergocalciferol)?,MED-961 MED-962 MED-5128 MED-5129 MED-5130 MED-5131 MED-5132 MED-5133 MED-5134 MED-5135,Is vitamin D3 (cholecalciferol) preferable to D2 (ergocalciferol)?,0.90325826
Amnesia is a condition characterized by memory loss.,MED-4380 MED-4381 MED-3314 MED-3306 MED-3307 MED-3316 MED-3311 MED-3292 MED-3317 MED-3294,amnesia,0.63282096
Do artificial food colors cause ADHD?,MED-3378 MED-3379 MED-3380 MED-3381 MED-3382 MED-5062 MED-3369 MED-3370 MED-3371 MED-3372,Artificial Food Colors and ADHD,0.95467716
Milk and mucus being a myth is being questioned.,MED-4677 MED-1223 MED-1224 MED-5239 MED-1226 MED-1227 MED-2126 MED-1229 MED-1230 MED-1337,Is Milk and Mucus a Myth?,0.9408316
Is it necessary to avoid titanium dioxide as a personal choice?,MED-3960 MED-3961 MED-3962 MED-3963 MED-3964 MED-3965 MED-3966 MED-3967 MED-3968 MED-3969,Should We Avoid Titanium Dioxide?,0.92897975
Kuna Indian secret.,MED-5041 MED-5042 MED-2222 MED-2223 MED-2224 MED-2225 MED-2226 MED-2227 MED-2228 MED-4286,Kuna Indian Secret,0.9651012
It is recommended to undergo mercury testing before pregnancy.,MED-4375 MED-4376 MED-4378 MED-4379 MED-4380 MED-4381 MED-4531 MED-4546 MED-4547 MED-4622,Mercury Testing Recommended Before Pregnancy,0.94648904
What is the atomic number for sulfur?,MED-717 MED-718 MED-719 MED-720 MED-721 MED-722 MED-723 MED-724 MED-5204 MED-1184,sulfur,0.6658652
The person is experiencing breast pain.,MED-3796 MED-3778 MED-3801 MED-3794 MED-666 MED-3779 MED-3791 MED-3792 MED-3793 MED-3795,breast pain,0.7860911
Chernobyl was a disastrous nuclear accident that occurred in Ukraine.,MED-3617 MED-3620 MED-3622 MED-3631 MED-3632 MED-3629 MED-3634 MED-3618 MED-3621 MED-3615,Chernobyl,0.8139536
What is kohlrabi?,MED-4455 MED-4660 MED-4666 MED-4662 MED-4663 MED-4664 MED-4713 MED-4811 MED-4604 MED-4605,kohlrabi,0.8352511
Ascorbic acid is a type of compound.,MED-1195 MED-1196 MED-5360 MED-1198 MED-1199 MED-1200 MED-1201 MED-1202 MED-1203 MED-4488,ascorbic acid,0.8608221
Do you have an opinion on Dr. Jenkins perspective on paleolithic diets?,MED-4203 MED-4299 MED-4205 MED-4206 MED-4676 MED-2586 MED-2587 MED-2588 MED-2591 MED-1476,What do you think of Dr. Jenkins' take on paleolithic diets?,0.9812206
The Academy of Nutrition and Dietetics has conflicts of interest.,MED-2219 MED-2220 MED-2221 MED-2488 MED-2489 MED-2616 MED-2617 MED-2618 MED-2619 MED-2725,Academy of Nutrition and Dietetics Conflicts of Interest,0.93440616
There is clinical evidence supporting the relationship between flaxseeds and breast cancer survival.,MED-3841 MED-3832 MED-3843 MED-3836 MED-3853 MED-3845 MED-3848 MED-3830 MED-3840 MED-3864,Flaxseeds & Breast Cancer Survival: Clinical Evidence,0.9819771
What is the meaning of DHA?,MED-2750 MED-2751 MED-2752 MED-2754 MED-2755 MED-3028 MED-2913 MED-3021 MED-3012 MED-3033,DHA,0.80975246
What is Polypropylene plastic?,MED-4991 MED-4992 MED-4185 MED-4186 MED-2644 MED-2646 MED-2651 MED-118 MED-2652 MED-2653,polypropylene plastic,0.8351306
A parasite known as the tongue worm.,MED-4359 MED-4360 MED-4403 MED-4742 MED-4743 MED-4794 MED-4795 MED-4796 MED-4797 MED-4798,tongue worm,0.83287156
A hernia is a medical condition characterized by a protrusion of an organ or tissue through a weak spot in the surrounding muscle or connective tissue.,MED-2997 MED-2999 MED-3000 MED-3001 MED-5177 MED-5175 MED-2586 MED-2587 MED-2588 MED-2591,hernia,0.7501925
The tongue worm is a type of parasite.,MED-4359 MED-4360 MED-4403 MED-4742 MED-4743 MED-4794 MED-4795 MED-4796 MED-4797 MED-4798,tongue worm,0.8643137
The Philippines is a country that is located in Southeast Asia.,MED-3982 MED-3983 MED-3984 MED-4000 MED-4002 MED-5016 MED-4005 MED-4007 MED-4001 MED-4004,philippines,0.7018767
Milk is being spoken about.,MED-2644 MED-2646 MED-2651 MED-118 MED-2652 MED-2653 MED-2655 MED-2659 MED-2661 MED-2662,milk,0.75515157
What is the meaning of ECMO?,MED-2109 MED-2110 MED-2111 MED-2112 MED-4255 MED-4509 MED-4510 MED-5078 MED-5047 MED-5048,ECMO,0.8061559
Heart disease in childhood can be prevented or controlled.,MED-3254 MED-3253 MED-3255 MED-5322 MED-5323 MED-5324 MED-5325 MED-5326 MED-5327 MED-5328,Stopping Heart Disease in Childhood,0.9390066
Lard is a type of fat.,MED-2644 MED-2646 MED-2651 MED-118 MED-2652 MED-2653 MED-2655 MED-2659 MED-2661 MED-2662,lard,0.76094556
What are the risks and benefits of alcohol?,MED-4994 MED-3696 MED-3697 MED-3698 MED-3699 MED-3700 MED-3701 MED-3762 MED-3763 MED-3764,Alcohol Risks vs. Benefits,0.81729805
What is Rutin?,MED-4049 MED-4053 MED-4051 MED-5116 MED-4047 MED-4055 MED-4391 MED-4392 MED-4393 MED-5164,Rutin,0.7683357
How does diet affect cellulite?,MED-3815 MED-3816 MED-3820 MED-3821 MED-3817 MED-3818 MED-3819 MED-3822 MED-4256 MED-4257,Diet and Cellulite,0.8545583
Do chronic headaches relate to pork tapeworms?,MED-3169 MED-3170 MED-3171 MED-3172 MED-3173 MED-3174 MED-3175 MED-3176 MED-3177 MED-3178,Chronic Headaches and Pork Tapeworms,0.9493151
The bacon is enriched in Vitamin C.,MED-4470 MED-4216 MED-4211 MED-4212 MED-4471 MED-4472 MED-4976 MED-4514 MED-4515 MED-5181,Vitamin C-Enriched Bacon,0.90639734
Black raspberries are being asked about.,MED-3714 MED-3720 MED-3721 MED-3715 MED-3716 MED-3717 MED-3718 MED-3719 MED-1853 MED-1871,black raspberries,0.85702515
Adenovirus 36 is associated with infectobesity in children.,MED-1796 MED-1797 MED-1798 MED-1799 MED-1800 MED-1801 MED-1802 MED-1803 MED-1804 MED-4767,Infectobesity: Adenovirus 36 and Childhood Obesity,0.8705674
Quinine is a substance.,MED-2790 MED-2792 MED-2793 MED-2794 MED-4390 MED-2800 MED-2791 MED-2825 MED-4539 MED-4540,quinine,0.7658464
What is Alli?,MED-5155 MED-714 MED-919 MED-716 MED-1557 MED-1558 MED-1992 MED-1876 MED-1998 MED-1878,Alli,0.798064
Stevia is a plant-based sweetener.,MED-4867 MED-4868 MED-4869 MED-5053 MED-5054 MED-5055 MED-1621 MED-1622 MED-1623 MED-1624,stevia,0.7604963
What is lyme disease?,MED-2355 MED-2362 MED-2363 MED-2364 MED-2365 MED-2369 MED-2337 MED-2338 MED-2339 MED-2340,lyme disease,0.90384585
The veggie chicken is a type of food.,MED-4216 MED-4211 MED-4212 MED-4514 MED-4515 MED-2086 MED-2087 MED-2088 MED-2164 MED-2165,veggie chicken,0.8522816
To what extent are we chemically contaminated?,MED-4474 MED-4475 MED-4476 MED-4477 MED-4479 MED-4480 MED-4481 MED-4482 MED-4483 MED-4484,How Chemically Contaminated Are We?,0.9634774
Please provide an update on Herbalife®.,MED-4872 MED-4873 MED-4874 MED-3985 MED-3986 MED-3987 MED-3988 MED-3989 MED-3990 MED-3991,Update on Herbalife®,0.95622575
Plants contain neurotransmitters found in humans.,MED-4539 MED-4540 MED-4541 MED-4632 MED-4633 MED-4634 MED-4995 MED-1496 MED-1497 MED-1498,Human Neurotransmitters in Plants,0.884482
Childhood is where heart disease begins.,MED-3253 MED-3254 MED-3255 MED-4556 MED-4559 MED-4560 MED-4613 MED-4617 MED-4615 MED-4616,Heart Disease Starts in Childhood,0.92481685
Mouth cancer is a type of cancer affecting the oral cavity.,MED-3697 MED-3698 MED-3699 MED-3714 MED-3720 MED-3721 MED-3748 MED-1559 MED-1560 MED-3557,oral cancer,0.80842537
What is the healthiest beverage served on airplanes?,MED-1836 MED-1837 MED-1838 MED-1839 MED-1840 MED-1841 MED-1842 MED-1843 MED-1844 MED-1845,Healthiest Airplane Beverage,0.9006729
The comparison is between caloric restriction and plant-based diets.,MED-1711 MED-1712 MED-2763 MED-1714 MED-1715 MED-1716 MED-1717 MED-1718 MED-1719 MED-1720,Caloric Restriction vs. Plant-Based Diets,0.8019141
What are organotins?,MED-4727 MED-4728 MED-1148 MED-1149 MED-1150 MED-1151 MED-1152 MED-1153 MED-1179 MED-1181,organotins,0.8846779
What are the healthiest vegetables?,MED-5159 MED-5160 MED-5161 MED-5162 MED-4390 MED-1880 MED-1881 MED-2098 MED-3548 MED-3549,The Healthiest Vegetables,0.929182
Fat toxicity contributes to the development of diabetes as a disease.,MED-1716 MED-1236 MED-1237 MED-1238 MED-1474 MED-1992 MED-1876 MED-1998 MED-1878 MED-1879,Diabetes as a Disease of Fat Toxicity,0.93765855
Halibut is a type of fish.,MED-4182 MED-4183 MED-4380 MED-4381 MED-2494 MED-2495 MED-2496 MED-2493 MED-2497 MED-2513,halibut,0.8602187
"""Do poultry workers perform their tasks efficiently?""",MED-3314 MED-3306 MED-3307 MED-3316 MED-3311 MED-3292 MED-3317 MED-3294 MED-3320 MED-3295,poultry workers,0.7135191
Japan is a country in East Asia.,MED-2513 MED-2502 MED-2498 MED-2504 MED-2505 MED-2507 MED-5239 MED-2509 MED-2519 MED-2510,Japan,0.6763489
The state of ones muscles in terms of their well-being and functionality.,MED-2527 MED-3454 MED-3163 MED-3156 MED-3164 MED-3157 MED-3158 MED-3450 MED-3451 MED-3165,muscle health,0.6198971
Arriving at a Vitamin D Recommendation is a challenging task.,MED-4573 MED-4570 MED-714 MED-919 MED-716 MED-4575 MED-3503 MED-3504 MED-3794 MED-557,The Difficulty of Arriving at a Vitamin D Recommendation,0.9215651
The state of ones muscles is important for overall well-being.,MED-2527 MED-3454 MED-3163 MED-3156 MED-3164 MED-3157 MED-3158 MED-3450 MED-3451 MED-3165,muscle health,0.7104473
Amyloid is related to apple juice.,MED-4590 MED-4591 MED-2215 MED-726 MED-4580 MED-5019 MED-5020 MED-3841 MED-3843 MED-3849,Amyloid and Apple Juice,0.9442842
Broccoli enhances liver function for a long period of time.,MED-4040 MED-4976 MED-5197 MED-4049 MED-4053 MED-4051 MED-5116 MED-4047 MED-4055 MED-4050,Prolonged Liver Function Enhancement From Broccoli,0.94446844
What is Phytic acidng?,MED-2575 MED-2580 MED-2571 MED-2583 MED-2574 MED-2568 MED-2988 MED-2559 MED-4319 MED-2570,phytic acid,0.81889176
Walnut oil is what is being referred to.,MED-2150 MED-4646 MED-2152 MED-2153 MED-4303 MED-4347 MED-4627 MED-4349 MED-4350 MED-1377,walnut oil,0.88592017
An aneurysm is what condition?,MED-4422 MED-3169 MED-3170 MED-3171 MED-3172 MED-3173 MED-3174 MED-3175 MED-3176 MED-3177,aneurysm,0.7981597
CT Scan Radiation poses a risk of cancer.,MED-3623 MED-3624 MED-3625 MED-3626 MED-3627 MED-3609 MED-3610 MED-3617 MED-3620 MED-3622,Cancer Risk From CT Scan Radiation,0.9163849
Please provide the information about Panama.,MED-5041 MED-5042 MED-4071 MED-4073 MED-5002 MED-3982 MED-3983 MED-3984 MED-4000 MED-4002,Panama,0.75852334
Bronchiolitis obliterans has not been altered in terms of meaning.,MED-3385 MED-3387 MED-3386 MED-2494 MED-2495 MED-2496 MED-2493 MED-2497 MED-3150 MED-3151,bronchiolitis obliterans,0.8382327
Plants contain human neurotransmitters.,MED-4539 MED-4540 MED-4541 MED-4632 MED-4633 MED-4634 MED-4995 MED-1496 MED-1497 MED-1498,Human Neurotransmitters in Plants,0.89347434
Plants that are poisonous.,MED-5159 MED-5160 MED-5161 MED-5162 MED-3486 MED-3492 MED-3487 MED-3493 MED-3488 MED-3489,poisonous plants,0.9210992
We are trying to determine the degree of chemical contamination we are experiencing.,MED-4936 MED-4730 MED-4726 MED-4739 MED-4740 MED-4741 MED-4474 MED-4475 MED-4476 MED-4477,﻿CDC Report on Environmental Chemical Exposure,0.680086
Chlorophyll is a green pigment present in plants and algae that helps in photosynthesis.,MED-4194 MED-4195 MED-4196 MED-4197 MED-2042 MED-2043 MED-2044 MED-2045 MED-2046 MED-2047,chlorophyll,0.7743822
What is the answer to the Pritikin Puzzle?,MED-4612 MED-4220 MED-5341 MED-3875 MED-3876 MED-3877 MED-4233 MED-4222 MED-4223 MED-4224,The Answer to the Pritikin Puzzle,0.8943888
The Bush administration was in power.,MED-4991 MED-4992 MED-4791 MED-4792 MED-3369 MED-3348 MED-3371 MED-3350 MED-3351 MED-3352,Bush administration,0.668218
Goji berries are a type of fruit.,MED-2882 MED-2898 MED-2884 MED-2885 MED-2886 MED-2888 MED-2889 MED-2895 MED-2926 MED-2922,goji berries,0.8713927
Alternative medicine refers to any form of medical treatment that is not widely accepted or practiced by mainstream doctors and healthcare professionals.,MED-2527 MED-2706 MED-2708 MED-2707 MED-2711 MED-2712 MED-2713 MED-2709 MED-2710 MED-2780,alternative medicine,0.7295934
Someone is suffering from amnesia.,MED-4380 MED-4381 MED-2663 MED-2664 MED-2665 MED-4860 MED-2668 MED-2670 MED-2669 MED-3178,amnesia,0.61358595
Krill oil supplements and fish oil capsules are being compared to determine which is superior.,MED-927 MED-928 MED-4936 MED-930 MED-931 MED-5091 MED-5092 MED-5093 MED-2750 MED-2751,Are krill oil supplements better than fish oil capsules?,0.8872001
The topic being investigated is the neurobiology of artificial sweeteners.,MED-4120 MED-4121 MED-4124 MED-1574 MED-1575 MED-1576 MED-1577 MED-1578 MED-1579 MED-1580,Neurobiology of Artificial Sweeteners,0.97489405
Mastitis is a condition.,MED-4667 MED-5109 MED-4665 MED-4666 MED-4668 MED-3796 MED-3778 MED-3779 MED-2644 MED-2646,mastitis,0.8443262
Wasnt there another study that demonstrated the positive effects of carnitine on the heart?,MED-4324 MED-4556 MED-4559 MED-3780 MED-3781 MED-3782 MED-3783 MED-3784 MED-3785 MED-3786,Didn't another study show carnitine was good for the heart?,0.9631109
What is the commonality between Meat Purge and Cola?,MED-332 MED-3090 MED-334 MED-335 MED-3092 MED-3094 MED-3085 MED-3086 MED-3087 MED-3088,What Do Meat Purge and Cola Have in Common?,0.93842745
Carcinogens found in cooked meat are being avoided.,MED-4053 MED-4058 MED-4055 MED-4060 MED-4057 MED-4059 MED-4075 MED-4068 MED-4069 MED-4070,Avoiding Cooked Meat Carcinogens,0.8760176
Which vegetables are the healthiest?,MED-5159 MED-5160 MED-5161 MED-5162 MED-4390 MED-1880 MED-1881 MED-2098 MED-3548 MED-3549,The Healthiest Vegetables,0.9317174
What is norovirus?,MED-2747 MED-2748 MED-2749 MED-4726 MED-3935 MED-3936 MED-3937 MED-3938 MED-3939 MED-3940,norovirus,0.8879805
Medicine that is grounded in evidence.,MED-1496 MED-1497 MED-1498 MED-1499 MED-1500 MED-1501 MED-1502 MED-1503 MED-1504 MED-1505,Evidence-based medicine,0.798466
Endocrine disruptors are substances that affect the normal functioning of the endocrine system.,MED-2494 MED-2495 MED-2496 MED-2493 MED-2497 MED-2644 MED-2646 MED-2651 MED-118 MED-2652,endocrine disruptors,0.84270954
Okra is a vegetable.,MED-2098 MED-2513 MED-2502 MED-2498 MED-2504 MED-2505 MED-2507 MED-5239 MED-2509 MED-2519,okra,0.73857415
Kohlrabi is a type of vegetable.,MED-4455 MED-2896 MED-2899 MED-2900 MED-2901 MED-3103 MED-3107 MED-3106 MED-3108 MED-3109,kohlrabi,0.70734024
Which sweetener is the healthiest?,MED-5056 MED-3742 MED-2826 MED-2827 MED-2830 MED-2831 MED-4523 MED-2966 MED-2967 MED-2968,The Healthiest Sweetener,0.9246563
Workers who work with poultry.,MED-3314 MED-3306 MED-3307 MED-3316 MED-3311 MED-3292 MED-3317 MED-3294 MED-3320 MED-3295,poultry workers,0.94084615
veggie chicken.,MED-4216 MED-4211 MED-4212 MED-4514 MED-4515 MED-2086 MED-2087 MED-2088 MED-2164 MED-2165,veggie chicken,0.9683771
One way to prevent abdominal aortic aneurysms is by providing assistance.,MED-4555 MED-3254 MED-3253 MED-3255 MED-2750 MED-2751 MED-2752 MED-2754 MED-2755 MED-4390,How to Help Prevent Abdominal Aortic Aneurysms,0.8290658
Statin drugs that lower cholesterol levels can be attributed to the occurrence of breast cancer.,MED-2427 MED-2428 MED-2429 MED-2430 MED-2431 MED-2432 MED-2440 MED-3597 MED-3598 MED-3599,Statin Cholesterol Drugs and Invasive Breast Cancer,0.93322766
Can kiwifruit be used to treat Irritable Bowel Syndrome?,MED-4325 MED-4516 MED-4517 MED-4518 MED-4522 MED-4635 MED-4640 MED-4637 MED-4689 MED-4810,Kiwifruit for Irritable Bowel Syndrome,0.94433945
A diet that can help prevent cataracts.,MED-4382 MED-4385 MED-4383 MED-4384 MED-4984 MED-4388 MED-4389 MED-4553 MED-4554 MED-5328,Preventing Cataracts with Diet,0.93749166
Nuts are included in the following query.,MED-2150 MED-4646 MED-2152 MED-2153 MED-2592 MED-2593 MED-2594 MED-2595 MED-2596 MED-2597,macadamia nuts,0.67721033
Chocolate milkshakes that are good for your health.,MED-2274 MED-3535 MED-2222 MED-2223 MED-2224 MED-2225 MED-2226 MED-2227 MED-2228 MED-2279,Healthy Chocolate Milkshakes,0.92838085
Can eating Fruit & Nut Bars lead to weight gain?,MED-3896 MED-3897 MED-3906 MED-3908 MED-3900 MED-4289 MED-3910 MED-4715 MED-3893 MED-3894,Do Fruit & Nut Bars Cause Weight Gain?,0.9764229
Reducing exposure to alkylphenols through your diet can be achieved by adapting certain strategies.,MED-2644 MED-2646 MED-2651 MED-118 MED-2652 MED-2653 MED-2655 MED-2659 MED-2661 MED-2662,How to Reduce Exposure to Alkylphenols Through Your Diet,0.9076638
Mastitis is a query.,MED-4667 MED-5109 MED-4665 MED-4666 MED-4668 MED-3796 MED-3778 MED-3779 MED-3671 MED-3676,mastitis,0.897146
Fructose is a type of sugar.,MED-1259 MED-2529 MED-1261 MED-1262 MED-1674 MED-1676 MED-1669 MED-1670 MED-1671 MED-1672,fructose,0.81393725
Distilled fish oil is free of toxins.,MED-4729 MED-4730 MED-4731 MED-4732 MED-1831 MED-1832 MED-1833 MED-1834 MED-5092 MED-2750,Is Distilled Fish Oil Toxin-Free?,0.8818202
The importance of cholesterol size: does it matter?,MED-1882 MED-2884 MED-1884 MED-1885 MED-1886 MED-1887 MED-1888 MED-1889 MED-1890 MED-2370,Does Cholesterol Size Matter?,0.895869
The National Academy of Sciences is being referred to.,MED-3597 MED-3598 MED-3599 MED-4804 MED-2076 MED-2077 MED-2078 MED-2079 MED-2080 MED-5293,National Academy of Sciences,0.85395604
"Rickets is a medical condition caused by a deficiency in vitamin D, calcium, or phosphate, resulting in weakened or deformed bones.",MED-4575 MED-4573 MED-4574 MED-2575 MED-2580 MED-2571 MED-2583 MED-2574 MED-2988 MED-2980,rickets,0.7223248
Meat is associated with multiple myeloma.,MED-4820 MED-4821 MED-4436 MED-4437 MED-5032 MED-5033 MED-5034 MED-5035 MED-2940 MED-2941,Meat & Multiple Myeloma,0.9542792
Avocados are beneficial for your health.,MED-4619 MED-4620 MED-4621 MED-4514 MED-4515 MED-4618 MED-861 MED-4000 MED-4002 MED-5016,Are Avocados Good for You?,0.8699304
Restricting calorie intake.,MED-4321 MED-4322 MED-4323 MED-4394 MED-4632 MED-4633 MED-4634 MED-4747 MED-4748 MED-4749,The Benefits of Caloric Restriction Without the Actual Restricting,0.6534704
Organotins are a type of chemical compound containing tin.,MED-4727 MED-4728 MED-1148 MED-1149 MED-1150 MED-1151 MED-1152 MED-1153 MED-1179 MED-1181,organotins,0.7292105
The EPIC Study is being referenced.,MED-4861 MED-4390 MED-1559 MED-1560 MED-3557 MED-3242 MED-1563 MED-1564 MED-1565 MED-3699,EPIC Study,0.81573224
The city named Peoria.,MED-4539 MED-4540 MED-4541 MED-1568 MED-1569 MED-1570 MED-1571 MED-1572 MED-1573 MED-3597,Peoria,0.8030104
Beans are being referred to.,MED-2513 MED-2502 MED-2498 MED-2504 MED-2505 MED-2507 MED-5239 MED-2509 MED-2519 MED-2510,beans,0.8386693
It is possible to increase the population of beneficial bacteria in the colon without using probiotics.,MED-4276 MED-4269 MED-5332 MED-4271 MED-3788 MED-4768 MED-4313 MED-4278 MED-4325 MED-4442,Boosting Good Bacteria in the Colon Without Probiotics,0.88237774
Are vegetarians getting sufficient protein intake?,MED-2288 MED-3137 MED-2290 MED-2291 MED-2292 MED-2293 MED-2294 MED-2295 MED-2296 MED-2498,Do Vegetarians Get Enough Protein?,0.95468044
The findings on lymphoma by EPIC were significant.,MED-4436 MED-4437 MED-2693 MED-3729 MED-2696 MED-2702 MED-3314 MED-3306 MED-3307 MED-3316,EPIC Findings on Lymphoma,0.84252036
What is tempeh and how is it made?,MED-4440 MED-4785 MED-4471 MED-4472 MED-4976 MED-4546 MED-4547 MED-5002 MED-5078 MED-3136,tempeh,0.7628617
Prolactin is a hormone.,MED-3801 MED-3794 MED-666 MED-3791 MED-3792 MED-3793 MED-3795 MED-3796 MED-3797 MED-3798,prolactin,0.805775
How can the presence of good bacteria in the colon be increased without using probiotics?,MED-4276 MED-4269 MED-5332 MED-4271 MED-3788 MED-4768 MED-4313 MED-4278 MED-4325 MED-4442,Boosting Good Bacteria in the Colon Without Probiotics,0.9183303
How does olive oil affect artery function?,MED-5260 MED-5261 MED-5262 MED-5263 MED-5278 MED-5265 MED-5266 MED-5267 MED-5268 MED-5269,Olive Oil and Artery Function,0.8931178
Aneurysm is a medical condition.,MED-4422 MED-3169 MED-3170 MED-3171 MED-3172 MED-3173 MED-3174 MED-3175 MED-3176 MED-3177,aneurysm,0.78886235
Viral infections are being searched for.,MED-2747 MED-2748 MED-2749 MED-1103 MED-1104 MED-1105 MED-1106 MED-1107 MED-1108 MED-1109,viral infections,0.80508757
The NIH-AARP study is a research project conducted by the National Institutes of Health in collaboration with the American Association of Retired Persons.,MED-1598 MED-1599 MED-1600 MED-1601 MED-1602 MED-1603 MED-1604 MED-1605 MED-1606 MED-1607,NIH-AARP study,0.87983435
Fenugreek seeds have advantages or positive effects.,MED-3811 MED-5341 MED-5337 MED-4464 MED-4465 MED-4468 MED-4469 MED-4543 MED-4538 MED-4539,Benefits of Fenugreek Seeds,0.8902607
Caramel color does not possess carcinogenic properties.,MED-2992 MED-2993 MED-2994 MED-3085 MED-3086 MED-3087 MED-3088 MED-3091 MED-3092 MED-3095,Is Caramel Color Carcinogenic?,0.91301465
The condition of the uterus is in good health.,MED-3503 MED-3504 MED-3794 MED-557 MED-4753 MED-4757 MED-4755 MED-4756 MED-4938 MED-4939,uterine health,0.74473083
The BRCA genes refer to the genes known as BRCA1 and BRCA2.,MED-3136 MED-3123 MED-3138 MED-3143 MED-3137 MED-3132 MED-3141 MED-3139 MED-3140 MED-3127,BRCA genes,0.8757975
How does diet impact breast cancer?,MED-4650 MED-4747 MED-4748 MED-4749 MED-4750 MED-4751 MED-4771 MED-4783 MED-5116 MED-4785,Breast Cancer and Diet,0.9058671
Should I eat a snack or not?,MED-4250 MED-4300 MED-4301 MED-4324 MED-4349 MED-4345 MED-4346 MED-4603 MED-5322 MED-5323,To Snack or Not to Snack?,0.86627614
Is fresh fruit better than frozen fruit?,MED-3714 MED-917 MED-4545 MED-2274 MED-3535 MED-2279 MED-2280 MED-2281 MED-2282 MED-3464,Fresh fruit versus frozen--which is better?,0.89135444
The item is filled completely with lead.,MED-4200 MED-4201 MED-4202 MED-4531 MED-4944 MED-2494 MED-2495 MED-2496 MED-2493 MED-2497,Filled Full of Lead,0.7357669
One way to decrease the amount of alkylphenols you consume is by modifying your diet.,MED-2644 MED-2646 MED-2651 MED-118 MED-2652 MED-2653 MED-2655 MED-2659 MED-2661 MED-2662,How to Reduce Exposure to Alkylphenols Through Your Diet,0.8123736
What is maple syrup?,MED-4150 MED-5056 MED-717 MED-718 MED-719 MED-720 MED-721 MED-722 MED-723 MED-724,maple syrup,0.7943959
Ergothioneine is a compound.,MED-4165 MED-3707 MED-4539 MED-4540 MED-4541 MED-4650 MED-4649 MED-4651 MED-4697 MED-4698,ergothioneine,0.7932637
The effects of diet on cellulite.,MED-3815 MED-3816 MED-3820 MED-3821 MED-3817 MED-3818 MED-3819 MED-3822 MED-4256 MED-4257,Diet and Cellulite,0.94462264
BPH is a condition related to the prostate gland.,MED-3874 MED-3875 MED-3876 MED-3877 MED-3878 MED-4233 MED-5176 MED-4230 MED-4231 MED-4232,BPH,0.71152014
Ways to reduce the risk of Abdominal Aortic Aneurysms.,MED-4555 MED-3254 MED-3253 MED-3255 MED-2999 MED-3000 MED-2997 MED-3001 MED-3597 MED-3598,How to Help Prevent Abdominal Aortic Aneurysms,0.9368459
What are turnips?,MED-2098 MED-2064 MED-2065 MED-2066 MED-2067 MED-2068 MED-2069 MED-2070 MED-2071 MED-4454,turnips,0.8604393
There are 300 foods and their antioxidant content.,MED-4544 MED-2008 MED-2009 MED-2010 MED-2011 MED-2830 MED-2831 MED-3742 MED-3743 MED-3744,Antioxidant Content of 300 Foods,0.9245227
Milk benefits our bones.,MED-1337 MED-1338 MED-1339 MED-1340 MED-1341 MED-1557 MED-1558 MED-1762 MED-1763 MED-1764,Is Milk Good for Our Bones?,0.91318953
What is the best treatment for constipation?,MED-3904 MED-5175 MED-4810 MED-5322 MED-5323 MED-5324 MED-5325 MED-5326 MED-5327 MED-5328,Best Treatment for Constipation,0.93837214
What is the condition of the soil in terms of its overall level of vitality and productivity?,MED-4771 MED-4686 MED-4488 MED-1956 MED-1957 MED-1958 MED-1959 MED-1960 MED-1961 MED-1962,soil health,0.7161099
What are carcinogens?,MED-2568 MED-2988 MED-2559 MED-4319 MED-2570 MED-2573 MED-2574 MED-2585 MED-2599 MED-2607,carcinogens,0.79959065
What is Fosamax?,MED-2988 MED-2980 MED-2990 MED-2986 MED-2985 MED-2987 MED-1486 MED-1487 MED-1488 MED-1489,Fosamax,0.8560129
Turmeric Curcumin is linked to Osteoarthritis.,MED-2797 MED-2809 MED-2799 MED-2800 MED-2801 MED-2802 MED-2803 MED-2804 MED-2805 MED-2819,Turmeric Curcumin and Osteoarthritis,0.9741191
What is your opinion on Dr. Jenkins perspective regarding paleolithic diets?,MED-4203 MED-4299 MED-4205 MED-4206 MED-4676 MED-2586 MED-2587 MED-2588 MED-2591 MED-1476,What do you think of Dr. Jenkins' take on paleolithic diets?,0.97914445
Chickpeas are the subject of the following query.,MED-2988 MED-2577 MED-2578 MED-2572 MED-2581 MED-2582 MED-2584 MED-2824 MED-2815 MED-2794,chickpeas,0.76537514
The type of oil mentioned is flax oil.,MED-4000 MED-4002 MED-5016 MED-4005 MED-4007 MED-4001 MED-4004 MED-4006 MED-4832 MED-4833,flax oil,0.76675034
Citrus can potentially aid in maintaining warmth in your hands.,MED-3474 MED-3479 MED-3482 MED-3484 MED-3485 MED-3477 MED-3467 MED-3473 MED-3469 MED-3481,How Citrus Might Help Keep Your Hands Warm,0.9229911
Ox meat is being discussed.,MED-4687 MED-4689 MED-4200 MED-4201 MED-4202 MED-4390 MED-4333 MED-4337 MED-4335 MED-4336,oxen meat,0.8668108
"Who provides superior advice, pharmacists or health food store employees?",MED-4370 MED-4575 MED-4371 MED-4372 MED-4373 MED-4374 MED-4598 MED-4599 MED-4673 MED-4674,Pharmacists Versus Health Food Store Employees: Who Gives Better Advice?,0.94556296
Factory farming practices are being questioned.,MED-2700 MED-2695 MED-2697 MED-2703 MED-2698 MED-2699 MED-2705 MED-4131 MED-2740 MED-2741,factory farming practices,0.8791112
The National Academy of Sciences is a prestigious institution.,MED-3597 MED-3598 MED-3599 MED-4804 MED-4131 MED-2740 MED-2741 MED-3378 MED-3380 MED-5062,National Academy of Sciences,0.82832915
Fish can transmit toxins related to sexual activities.,MED-4962 MED-4963 MED-4964 MED-4969 MED-4966 MED-4967 MED-4968 MED-1568 MED-1569 MED-1570,Sexually Transmitted Fish Toxin,0.8217994
Myelopathy is a condition affecting the spinal cord.,MED-5142 MED-4431 MED-4724 MED-5130 MED-2938 MED-2945 MED-2939 MED-2946 MED-2942 MED-2940,myelopathy,0.7720212
The EPIC findings on Lymphoma have been discovered.,MED-4436 MED-4437 MED-2693 MED-3729 MED-2696 MED-2702 MED-3314 MED-3306 MED-3307 MED-3316,EPIC Findings on Lymphoma,0.94270396
Allergies can be caused by Alkylphenol Endocrine Disruptors.,MED-4551 MED-2643 MED-2644 MED-2645 MED-2646 MED-2647 MED-2648 MED-2649 MED-2650 MED-2651,Alkylphenol Endocrine Disruptors and Allergies,0.9478774
Coffee is sought after.,MED-2675 MED-2676 MED-2677 MED-2678 MED-2679 MED-3639 MED-1621 MED-1622 MED-1623 MED-1624,coffee,0.7275094
Childhood is the starting point for heart disease.,MED-3253 MED-3254 MED-3255 MED-4556 MED-4559 MED-4560 MED-4613 MED-4617 MED-4615 MED-4616,Heart Disease Starts in Childhood,0.89653724
Curcumin should be taken with caution by whom?,MED-2780 MED-2810 MED-2787 MED-2788 MED-2777 MED-2816 MED-2800 MED-2790 MED-2791 MED-2792,Who Should be Careful About Curcumin?,0.93607914
Can you provide information on mouth cancer?,MED-2200 MED-2201 MED-2202 MED-2203 MED-2204 MED-2205 MED-2206 MED-2207 MED-2208 MED-2209,mouth cancer,0.7848474
Is there a connection between Titanium Dioxide and Inflammatory Bowel Disease?,MED-3960 MED-3961 MED-3962 MED-3963 MED-3964 MED-3965 MED-3966 MED-3967 MED-3968 MED-3969,Titanium Dioxide & Inflammatory Bowel Disease,0.950253
Arriving at a Vitamin D recommendation is difficult.,MED-4573 MED-4570 MED-714 MED-919 MED-716 MED-4575 MED-3503 MED-3504 MED-3794 MED-557,The Difficulty of Arriving at a Vitamin D Recommendation,0.9419757
Goji berries are not as good as something else.,MED-3742 MED-3893 MED-3894 MED-4544 MED-4712 MED-2076 MED-2077 MED-2078 MED-2079 MED-2080,Better Than Goji Berries,0.8636694
Airport scanners are devices that are used in airports for security purposes.,MED-3617 MED-3618 MED-3620 MED-3621 MED-3615 MED-3622 MED-3609 MED-3610 MED-3624 MED-3625,airport scanners,0.88254213
A plant-based diet is what?,MED-3585 MED-3586 MED-3592 MED-3598 MED-3597 MED-3671 MED-3676 MED-4481 MED-3728 MED-3730,plant-based diet,0.8427418
What is IGF-1?,MED-2513 MED-2502 MED-2498 MED-2504 MED-2505 MED-2507 MED-5239 MED-2509 MED-2519 MED-2510,IGF-1,0.91183627
